time,S,I,R,beta_t
0,99999,1,0,0.5028424103116065
1,99998.45252333551,1.1847098545671075,0.36276680995021043,0.5028275100057662
2,99997.80496789327,1.403491125950851,0.7915409807955494,0.5027828135035274
3,99997.0389371731,1.6625701885376196,1.2984926384007092,0.5027083340494283
4,99996.13269769566,1.969290467214098,1.8980118371581325,0.5026040937133387
5,99995.0605918932,2.3323055864206257,2.6071025203960017,0.5024701233839197
6,99993.79232899693,2.761811760255933,3.4458592428256947,0.5023064627594714
7,99992.29218936512,3.2698074212964543,4.438003213580047,0.5021131603361688
8,99990.51806719248,3.870404327213356,5.611528480326536,0.5018902733936919
9,99988.42036239631,4.580185954816674,6.999451648886691,0.5016378679782516
10,99985.94069434419,5.418621550386568,8.64068410544949,0.5013560188830204
11,99983.01038369631,6.4085521246987485,10.581064179025336,0.5010448096259678
12,99979.54871410092,7.576743934313288,12.874541964783148,0.5007043324251128
13,99975.46089619576,8.954532738355107,15.584571065911222,0.5003346881711985
14,99970.63570861008,10.578565506739883,18.785725883203792,0.49993598639779496
15,99964.94277270074,12.491651168327802,22.565576130939753,0.49950834524884213
16,99958.22940130564,14.74373691206179,27.026861782308863,0.4990518914436417
17,99950.3169663277,17.39302418926161,32.29000948305213,0.4985667602393073
18,99940.99672031376,20.50724076469934,38.4960389215422,0.49805309539068465
19,99930.02500061737,24.165086077828438,45.80991330480125,0.49751104910775446
20,99917.11773985178,28.45786722290698,54.42439292531041,0.4969407820105283
21,99901.94420003789,33.49134301333544,64.56445694876645,0.49634246308145485
22,99884.11984338959,39.38779267918575,76.49236393120769,0.4957162696153452
23,99863.1982508903,46.28832359207076,90.51342551761874,0.49506238716683804
24,99838.66199177226,54.355430215782384,106.98257801194124,0.4943810094954146
25,99809.91236658893,63.77580833556225,126.31182507547695,0.49367233850798425
26,99776.25793390113,74.76342391463068,148.97864218423095,0.49293658419905506
27,99736.90175797217,87.56282262638706,175.53541940142628,0.4921739645885076
28,99690.92733177384,102.45265097373033,206.62001725241223,0.49138470565699105
29,99637.28316735617,119.74933868626222,242.9674939575651,0.49056904127896056
30,99574.76609338107,139.81086407585858,285.42304254307896,0.4897272131533748
31,99502.00336828924,163.04048752381703,334.95614418694646,0.4888594707320755
32,99417.4338049558,189.8902945766993,392.67590046750036,0.48796607114586943
33,99319.28823011482,220.86432946748704,459.8474404176927,0.4870472791283352
34,99205.56974968748,256.52103156247904,537.909218750033,0.48610336693737677
35,99074.03448572874,297.47460210857304,628.490912162675,0.4851346142745476
36,98922.17368478331,344.39483533766696,733.4314798790151,0.4841413082021691
37,98747.19837983833,398.00483572576644,854.7967844358867,0.48312374305826783
38,98546.02811433718,459.0759282356498,994.8959574271499,0.4820822203693567
39,98315.28559754953,528.418953901794,1156.295448548652,0.48101704876108636
40,98051.29954752495,606.8710408060621,1341.829411668967,0.47992854386679273
41,97750.11835845519,695.2768714387059,1554.6047701060875,0.4788170282339677
42,97407.53756476841,794.4634570857504,1797.9989781458137,0.4776828312286818
43,97019.14430500497,905.2075125352643,2075.6481824597413,0.4765262889379857
44,96580.38203530436,1028.1947413058658,2391.4232233897465,0.47534774407032043
45,96086.63850849503,1163.9707377254056,2749.3907537795367,0.4741475458539651
46,95533.35941063063,1312.883830400063,3153.75675896928,0.47292604993355397
47,94916.18892293189,1475.0210622993986,3608.790014768671,0.47168361826469
48,94231.1367650639,1650.139629338337,4118.72360559773,0.47042061900669074
49,93474.76893767348,1837.5974408235181,4687.633621502963,0.46913742641349404
50,92644.41646767141,2036.287917055958,5319.295615272585,0.4678344207227588
51,91738.39314136161,2244.585522180933,6017.02133645741,0.46651198804319227
52,90756.21000007958,2460.3094834817025,6783.480516438671,0.46517052024013805
53,89698.77028044031,2680.7141809656446,7620.515538594006,0.46381041481945723
54,88568.5287930469,2902.512721767359,8528.9584851857,0.4624320748097396
55,87369.59680544962,3121.9401572443903,9508.46303730597,0.46103590864287686
56,86107.7764236617,3334.858586402744,10557.364989935528,0.45962233003303615
57,84790.51237792958,3536.9027815974396,11672.584840472939,0.45819175785406707
58,83426.7552171076,3723.659650648614,12849.585132243752,0.45674461601538047
59,82026.73817811566,3890.8701622667013,14082.391659617599,0.4552813333363351
60,80601.67813495587,4034.638316256417,15363.683548787658,0.4538023434191688
61,79163.41928580272,4151.629379311781,16684.95133488544,0.45230808452051346
62,77724.0440397325,4239.2396244348965,18036.716335832545,0.4507989994215295
63,76295.47872649893,4295.722276046042,19408.798997454975,0.4492755352967002
64,74889.12142195254,4320.258997430448,20790.61958061697,0.4477381435813252
65,73515.51570686136,4312.97227400171,22171.512019136888,0.4461872798377492
66,72184.08819697311,4274.880444043785,23541.031358983062,0.4446234036203696
67,70902.96032831327,4207.802862923221,24889.23680876347,0.44304697833946116
68,69678.8373240494,4114.226944114531,26206.935731836023,0.44145847112385644
69,68516.970556053755,3997.1511422615376,27485.87830168466,0.4398583526825263
70,67421.18435708307,3859.918281620186,28718.89736129671,0.43824709716509835
71,66393.9550686623,3706.0522793561868,29899.99265198149,0.436625182021356
72,65436.528697024834,3539.108776949752,31024.362526025383,0.43499308785976026
73,64549.06370966727,3362.5470551026788,32088.389235230014,0.43335129830503455
74,63730.7868129898,3179.627399140222,33089.585787869946,0.43170029985485675
75,62980.151560174134,2993.3352047191647,34026.51323510667,0.43004058173569926
76,62294.9919430848,2806.3307940032028,34898.67726291196,0.42837263575786017
77,61672.665237148365,2620.9224280950502,35706.41233475655,0.42669695616973
78,61110.18085220981,2439.0587140275,36450.76043376266,0.425014039511335
79,60604.31311917579,2262.336564904709,37133.350315919466,0.42332438446720116
80,60151.69739173848,2092.0207010019867,37756.281907259494,0.42162849171858396
81,59748.91015896744,1929.0710346345074,38322.01880639801,0.41992686379510513
82,59392.53412802127,1774.1748045403883,38833.29106743829,0.4182200049258425
83,59079.20970064409,1627.7809185180313,39293.00938083782,0.416508420889916
84,58805.674605154374,1490.1343579600161,39704.19103688555,0.41479261886661467
85,58568.79320521256,1361.309504378731,40069.897290408655,0.41307310728510804
86,58365.5772085446,1241.24108447172,40393.181706983625,0.41135039567378756
87,58193.19922338672,1129.7523193967359,40677.048457216486,0.4096249945092831
88,58049.00057487214,1026.57984203232,40924.419583095485,0.4078974150651967
89,57930.49448337222,931.3954060201748,41138.11011060755,0.406168169260602
90,57835.36565919281,843.8244353795625,41320.80990542758,0.40443776950835103
91,57761.467127675605,763.461596940439,41475.0712753839,0.4027067285632355
92,57706.81503153827,689.8836577413516,41603.301310720315,0.4009755593700464
93,57669.581947027276,622.6599199791065,41707.758132993564,0.3992447749115773
94,57648.089210374885,561.360529170665,41790.550260454394,0.3975148880566166
95,57640.798636742256,505.5629517624738,41853.63841149521,0.3957864114079735
96,57646.303897804966,454.85689435211196,41898.83920784285,0.39405985715058256
97,57663.3218012571,408.847918970965,41927.83027977187,0.39233573689973233
98,57690.68364405136,367.15997775831806,41942.15637819025,0.3906145615494627
99,57727.32677701368,329.4370792057656,41943.23614378049,0.388896841121176
100,57772.286452418586,295.344230024585,41932.36931755677,0.38718308461250656
101,57824.68804358593,264.5678267439831,41910.74412967002,0.3854737998464937
102,57883.73966442252,236.81560489726363,41879.444730680145,0.3837694933211031
103,57948.72522060114,211.81625878955384,41839.45852060924,0.3820706700591402
104,58018.9978996144,189.31881001800016,41791.68329036754,0.38037783345860093
105,58093.97409964746,169.09179599899923,41736.93410435349,0.37869148514350465
106,58173.12779398961,150.92233659294288,41675.94986941739,0.3770121248152514
107,58255.98531511647,134.61512225104264,41609.39956263242,0.37534025010455
108,58342.12054349694,119.9913600352097,41537.88809646778,0.37367635642395935
109,58431.15048096427,106.8877048530274,41461.96181418264,0.37202093682108667
110,58522.7311877265,95.15519718680423,41382.11361508663,0.3703744818324871
111,58616.554061269795,84.6582233526178,41298.787715377526,0.36873747933830736
112,58712.34243476383,75.2735098646014,41212.384055371505,0.36711041441771575
113,58809.84847307362,66.88916019077742,41123.26236673553,0.36549376920516324
114,58908.85034478916,59.40373935897706,41031.745915851796,0.3638880227475163
115,59009.14964944072,52.72540990126057,40938.124940657966,0.36229365086210524
116,59110.569080359644,46.77112047106981,40842.659799169225,0.3607111259957291
117,59212.95030404686,41.46584779748377,40745.583848155584,0.3591409170846594
118,59316.152037965636,36.74189140461541,40647.106070629685,0.3575834894156844
119,59420.04831067506,32.538219513988686,40547.41346981088,0.35603930448823445
120,59524.52688847564,28.799864454828317,40446.67324706946,0.35450881987762983
121,59629.487854030966,25.477365350152642,40345.034780618815,0.35299248909949116
122,59734.84232354523,22.526255626840893,40242.63142082787,0.35149076147535313
123,59840.51129008961,19.906592788830864,40139.5821171215,0.35000408199952077
124,59946.42458160291,17.58252781684179,40035.99289058019,0.3485328912072079
125,60052.519923024964,15.521911568545084,39931.95816540644,0.3470776250439971
126,60158.74209287774,13.695935593675305,39827.56197152853,0.3456387147366598
127,60265.042165415376,12.078804853291619,39722.87902973127,0.34421658666537436
128,60371.37683021981,10.647439930775242,39617.975729849364,0.34281166223738024
129,60477.707781818455,9.381206434137642,39512.91101174736,0.34142435776210633
130,60584.00117255128,8.261669411458628,39407.73715803721,0.340055084327809
131,60690.22712251552,7.272370728324934,39302.50050675611,0.3387042476797582
132,60796.35928097163,6.398627484907409,39197.24209154342,0.3373722481000063
133,60902.37443410516,5.627349678343043,39091.99821621647,0.3360594802887756
134,61008.2521545091,4.946875441398588,38986.80097004947,0.3347663332475004
135,61113.97448818245,4.34682230970376,38881.678689507804,0.3334931901635574
136,61219.525675235825,3.8179530861895357,38776.65637167795,0.3322404282967192
137,61324.89190085629,3.352054982129606,38671.75604416154,0.3310084188673636
138,61430.06107341407,2.9418308189897555,38566.9970957669,0.3297975269464735
139,61535.02262689476,2.5808011739509356,38462.39657193125,0.32860811134745826
140,61639.767345115426,2.2632164444468796,38357.96943844009,0.32744052451982963
141,61744.287205432964,1.9839778934118621,38253.72881667358,0.32629511244476317
142,61848.575239880214,1.7385668173136912,38149.68619330243,0.3251722145325768
143,61952.62541187186,1.5229810536534611,38045.85160707445,0.3240721635221558
144,62056.432506809106,1.3336781136881342,37942.233815077154,0.32299528538235583
145,62159.992035082396,1.167524289941522,37838.84044062762,0.32194189921541055
146,62263.300146124304,1.0217491468955389,37735.67810472876,0.3209123171623752
147,62366.35355230441,0.8939048573855289,37632.75254283818,0.31990684431063227
148,62469.149461583154,0.7818298969506634,37530.068708519866,0.3189257786034877
149,62571.68551795505,0.6836166539988868,37427.63086539093,0.31796941075188345
150,62673.95974881388,0.5975825554145465,37325.44266863067,0.31703802414825427
151,62775.970518464776,0.5222443454352284,37223.50723718976,0.31613189478255166
152,62877.71648709047,0.4562951905108465,37121.82721771899,0.31525129116046263
153,62979.19657455424,0.39858431467901334,37020.40484113105,0.3143964742238453
154,63080.409928488356,0.3480988989796431,36919.24197261263,0.3135676972734065
155,63181.35589617743,0.30394800480906214,36818.34015581772,0.3127652058936431
156,63282.03399979967,0.2653483050869386,36717.700651895204,0.31198923788007016
157,63382.44391463744,0.231611428872455,36617.32447393365,0.3112400231687568
158,63482.58544991181,0.20213274480104224,36517.21241734336,0.3105177837681914
159,63582.458531934244,0.17638142658908013,36417.36508663913,0.30982273369349544
160,63682.063189303364,0.15389166002888538,36317.782919036574,0.30915507890300664
161,63781.399539905186,0.13425486551637228,36218.46620522927,0.3085150172372485
162,63880.467779503226,0.11711282335458494,36119.4151076734,0.30790273836030624
163,63979.26817172888,0.10215160098326091,36020.62967667011,0.3073184237036252
164,64077.80103930463,0.0890961920134887,35922.10986450332,0.30676224641224864
165,64176.06675635189,0.07770578660409855,35823.85553786147,0.30623437129351133
166,64274.0657416526,0.06776960140091132,35725.866488745974,0.30573495476820334
167,64371.79845274898,0.05910320506163653,35628.14244404592,0.30526414482421954
168,64469.265380779594,0.0515452823908918,35530.68307393799,0.3048220809727072
169,64566.46704596154,0.04495478638741155,35433.48799925206,0.30440889420672596
170,64663.40399363985,0.03920843312846913,35336.556797927005,0.304024706962432
171,64760.07679083417,0.03419849944831006,35239.88901066637,0.3036696330827972
172,64856.486023221274,0.029830887865885128,35143.48414589084,0.30334377778387517
173,64952.63229249951,0.026023427235145117,35047.34168407324,0.30304723762362357
174,65048.51621408769,0.02270438117662988,34951.46108153111,0.30278010047329174
175,65144.13841511657,0.019811139469377934,34855.841773743945,0.3025424454913826
176,65239.499532677124,0.017289071032512714,34760.48317825183,0.3023343431001963
177,65334.60021229101,0.01509051752087899,34665.38469719146,0.30215585496496256
178,65429.4411065816,0.01317391458797713,34570.5457195038,0.302007033975568
179,65524.02287410581,0.01150301619748274,34475.965622877986,0.3018879242308835
180,65618.34617834684,0.010046222445684668,34381.64377543071,0.301798561025697
181,65712.41168683361,0.008775989364815643,34287.57953717702,0.30173897084025497
182,65806.22007037162,0.007668311246559135,34193.772261317135,0.3017091713324153
183,65899.77200237516,0.0067022692369064696,34100.2212953556,0.3017091713324153
184,65993.06815828603,0.0058596366893799,34006.925982077286,0.30173897084025497
185,66086.10921506779,0.0051245344122926645,33913.8856603978,0.301798561025697
186,66178.89585076617,0.00448312965054254,33821.09966610418,0.3018879242308835
187,66271.42874412678,0.003923373284894839,33728.56733249993,0.302007033975568
188,66363.70857426299,0.003434770493208161,33636.28799096652,0.30215585496496256
189,66455.7360203674,0.003008180668201901,33544.26097145193,0.3023343431001963
190,66547.51176146147,0.002635642907298145,33452.48560289562,0.3025424454913826
191,66639.03647617804,0.0023102238479005286,33360.961213598115,0.30278010047329174
192,66730.3108425728,0.0020258850193511715,33269.68713154219,0.30304723762362357
193,66821.33553796087,0.001777367235378435,33178.662684671894,0.30334377778387517
194,66912.11123877518,0.0015600898598145333,33087.88720113497,0.30366963308279715
195,67002.63862044379,0.0013700630496577286,32997.360009493175,0.304024706962432
196,67092.91835728388,0.001203811317734904,32907.08043890481,0.30440889420672596
197,67182.95112241009,0.0010583069660462041,32817.04781928296,0.30482208097270713
198,67272.7375876553,9.309121239323095e-4,32727.261481432608,0.30526414482421954
199,67362.27842350218,8.193281379045351e-4,32637.7207571697,0.30573495476820334
200,67451.57429902547,7.215523793098174e-4,32548.424979422176,0.3062343712935113
201,67540.6258818391,6.358383632943738e-4,32459.373482322542,0.3067622464122486
202,67629.43383805497,5.606639702519801e-4,32370.56560128106,0.30731842370362517
203,67717.99883224619,4.947028695993182e-4,32282.00067305096,0.30790273836030624
204,67806.32152741331,4.3679782118403695e-4,32193.678035788864,0.3085150172372485
205,67894.40258495838,3.859393648261392e-4,32105.597029102257,0.30915507890300664
206,67982.24266466193,3.4124681358013487e-4,32017.756994091265,0.30982273369349544
207,68069.8424246637,3.019516045537107e-4,31930.1572733847,0.3105177837681914
208,68157.20252144642,2.673828556198097e-4,31842.797211170724,0.3112400231687568
209,68244.32360982226,2.369547875615328e-4,31755.676153222958,0.31198923788007016
210,68331.2063429216,2.1015577798942902e-4,31668.79344692261,0.3127652058936431
211,68417.85137218401,1.8653883562429712e-4,31582.148441277135,0.3135676972734065
212,68504.25934735079,1.657133091525182e-4,31495.74048693589,0.3143964742238453
213,68590.43091645915,1.473376701839364e-4,31409.568936203166,0.31525129116046263
214,68676.3667258737,1.3111248395674714e-4,31323.633143013805,0.31613189478255166
215,68762.06742010172,1.1677870189354234e-4,31237.932463119545,0.31703802414825427
216,68847.53364210825,1.0410608105293124e-4,31152.466253785664,0.31796941075188345
217,68932.76603306962,9.289453751069513e-5,31067.233874035835,0.31892577860348764
218,69017.76523247927,8.296824477641379e-5,30982.23468455249,0.31990684431063227
219,69102.53187809231,7.417357200529805e-5,30897.468047734103,0.3209123171623752
220,69187.06660594839,6.637579898918303e-5,30812.933327675797,0.32194189921541055
221,69271.37005037272,5.9456757981014944e-5,30728.6298901705,0.32299528538235583
222,69355.44284397777,5.331275676070078e-5,30644.55710270946,0.3240721635221558
223,69439.28561766514,4.7852760351008604e-5,30560.714334482072,0.3251722145325767
224,69522.89900062796,4.29968065180581e-5,30477.10095637522,0.32629511244476317
225,69606.28362035332,3.867462336409133e-5,30393.716340972045,0.32744052451982963
226,69689.44010262523,3.4824422874152196e-5,30310.559862550344,0.32860811134745826
227,69772.36907152756,3.13918477343328e-5,30227.63089708058,0.32979752694647346
228,69855.07114944738,2.8329051660082756e-5,30144.928822223555,0.3310084188673635
229,69937.54695707827,2.55938960485753e-5,30062.45301732782,0.3322404282967191
230,70019.79717479488,2.3146128718484908e-5,29980.20280205899,0.33349319016355744
231,70101.82223923219,2.0962215475681487e-5,29898.1777398056,0.3347663332475003
232,70183.62299443042,1.9002091622275893e-5,29816.376986567495,0.3360594802887756
233,70265.19994497245,1.7245827701296088e-5,29734.800037781715,0.3373722481000063
234,70346.55370314121,1.567079609412768e-5,29653.446281187993,0.3387042476797582
235,70427.68487954876,1.4257012664064903e-5,29572.315106194226,0.340055084327809
236,70508.59408314043,1.2986818923162578e-5,29491.40590387275,0.3414243577621062
237,70589.281921199,1.184458960148378e-5,29410.718066956397,0.34281166223738024
238,70669.74899934894,1.0816489432092928e-5,29330.25098983456,0.3442165866653743
239,70749.99586168067,9.891296097657273e-6,29250.004128428023,0.3456387147366598
240,70830.02328512761,9.055112533586276e-6,29169.97670581728,0.34707762504399703
241,70909.83162750231,8.30234868528827e-6,29090.16836419533,0.3485328912072079
242,70989.42163967963,7.621804007644199e-6,29010.57835269857,0.3500040819995207
243,71068.7938956089,7.00634228459548e-6,28931.20609738473,0.35149076147535313
244,71147.94899105719,6.449221931764717e-6,28852.05100249358,0.35299248909949116
245,71226.88752015811,5.944435958914458e-6,28773.11247389745,0.35450881987762983
246,71305.61007542073,5.486640868178737e-6,28694.389919092617,0.3560393044882344
247,71384.1172477342,5.071074535725165e-6,28615.88274719471,0.3575834894156844
248,71462.40962637197,4.693490324518408e-6,28537.59036893452,0.35914091708465934
249,71540.48779899615,4.350098552386211e-6,28459.51219665373,0.3607111259957291
250,71618.35235166184,4.0375148279612515e-6,28381.64764430063,0.3622936508621052
251,71696.0038688214,3.7527144740871862e-6,28303.99612742588,0.36388802274751636
252,71773.44293332876,3.492992289378368e-6,28226.557063178232,0.3654937692051632
253,71850.67012644379,3.2559270025966914e-6,28149.32987030025,0.36711041441771575
254,71927.68602783658,3.0393498543703923e-6,28072.313969124047,0.3687374793383073
255,72004.49121559165,2.8413168106756744e-6,27995.508781566994,0.37037448183248717
256,72081.08626621241,2.6600839736810928e-6,27918.913731127483,0.3720209368210866
257,72157.47175462525,2.4940858090018754e-6,27842.52824288064,0.37367635642395935
258,72233.64825418398,2.3419158551327474e-6,27766.351743474086,0.37534025010454997
259,72309.61633667398,2.2023096216855077e-6,27690.383661123677,0.3770121248152514
260,72385.37657231659,2.074129418801187e-6,27614.623425609258,0.3786914851435046
261,72460.9295297732,1.956350891388738e-6,27539.070468270416,0.3803778334586009
262,72536.27577614965,1.848051059230886e-6,27463.724222002264,0.38207067005914014
263,72611.41587700036,1.7483976879876394e-6,27388.5841212512,0.38376949332110316
264,72686.35039633261,1.6566398371497437e-6,27313.649602010708,0.3854737998464937
265,72761.07989661071,1.5720994494233612e-6,27238.92010181714,0.38718308461250656
266,72835.60493876025,1.494163862190428e-6,27164.39505974552,0.38889684112117595
267,72909.9260821723,1.4222791358715725e-6,27090.073916405356,0.3906145615494627
268,72984.04388470754,1.355944106468636e-6,27015.95611393646,0.3923357368997322
269,73057.95890270047,1.2947050804985596e-6,26942.041096004778,0.3940598571505825
270,73131.67169096357,1.2381511001387554e-6,26868.328307798227,0.3957864114079735
271,73205.1828027915,1.18590971485117e-6,26794.817196022555,0.39751488805661656
272,73278.49278996514,1.1376432031821907e-6,26721.507208897172,0.3992447749115773
273,73351.60220275585,1.0930451949741743e-6,26648.397796151065,0.4009755593700464
274,73424.51158992948,1.0518376499817433e-6,26575.488409018628,0.4027067285632355
275,73497.22149875057,1.013768153958127e-6,26502.7785002356,0.40443776950835103
276,73569.7324749864,9.78607497747872e-7,26430.26752403492,0.406168169260602
277,73642.0450629111,9.461475088656592e-7,26357.95493614268,0.4078974150651967
278,73714.15980530973,9.161991085211292e-7,26285.84019377401,0.4096249945092831
279,73786.07724345132,8.885908903950565e-7,26213.922755660027,0.41135039567378756
280,73857.79791725214,8.631659175675689e-7,26142.20208188462,0.41307310728510804
281,73929.32236504459,8.397828101981843e-7,26070.67763411557,0.41479261886661467
282,74000.6511236208,8.183139602554213e-7,25999.34887556082,0.416508420889916
283,74071.78472839207,7.986428393503394e-7,25928.215270809233,0.4182200049258425
284,74142.72371330383,7.806639413966506e-7,25857.27628591545,0.419926863795105
285,74213.46861083098,7.642819622940582e-7,25786.531388404685,0.42162849171858396
286,74284.0199519916,7.494108854915369e-7,25715.980047258952,0.4233243844672013
287,74354.37826635089,7.359732597236096e-7,25645.621732913096,0.425014039511335
288,74424.54408202526,7.238995519415904e-7,25575.45591725081,0.42669695616973
289,74494.51792568616,7.131275703059102e-7,25505.48207360068,0.4283726357578601
290,74564.30032256412,7.036019507099028e-7,25435.69967673224,0.43004058173569926
291,74633.89179645266,6.952737010919211e-7,25366.108202852018,0.43170029985485675
292,74703.29286971224,6.880997985140852e-7,25296.70712959961,0.43335129830503455
293,74772.50406327413,6.820428345682357e-7,25227.495936043775,0.43499308785976015
294,74841.52589664437,6.770707052017701e-7,25158.47410267851,0.436625182021356
295,74910.35888790764,6.731563415351799e-7,25089.64111141915,0.43824709716509835
296,74979.00355373116,6.70277478675978e-7,25020.99644559851,0.4398583526825263
297,75047.46040936858,6.684164599260347e-7,24952.539589962962,0.44145847112385644
298,75115.72996866377,6.675600741362029e-7,24884.270030668617,0.44304697833946116
299,75183.8127440548,6.676994242880591e-7,24816.187255277437,0.4446234036203696
300,75251.70924657772,6.688298256816364e-7,24748.290752753393,0.4461872798377491
301,75319.41998587032,6.709507323838259e-7,24680.58001345866,0.44773814358132513
302,75386.94547017611,6.740656908479096e-7,24613.054529149744,0.4492755352967002
303,75454.28620634803,6.781823198533762e-7,24545.713792973715,0.4507989994215294
304,75521.44269985225,6.833123161394194e-7,24478.557299464366,0.45230808452051346
305,75588.41545477198,6.894714853176892e-7,24411.58454453846,0.4538023434191688
306,75655.20497381133,6.966797978521416e-7,24344.79502549191,0.4552813333363351
307,75721.81175829894,7.049614700881947e-7,24278.188240996027,0.45674461601538047
308,75788.23630819183,7.143450705016411e-7,24211.763691093754,0.45819175785406707
309,75854.47912207915,7.248636515215747e-7,24145.520877195915,0.45962233003303615
310,75920.5406971859,7.365549074624816e-7,24079.45930207747,0.46103590864287686
311,75986.42152937668,7.49461359280059e-7,24013.578469873803,0.46243207480973947
312,76052.12211315935,7.63630567044577e-7,23947.877886076963,0.46381041481945723
313,76117.64294168883,7.791153712059187e-7,23882.357057531997,0.46517052024013794
314,76182.98450677074,7.959741639069966e-7,23817.01549243323,0.46651198804319227
315,76248.14729886511,8.142711917881036e-7,23751.852700320567,0.4678344207227587
316,76313.13180709003,8.340768919149533e-7,23686.868192075824,0.46913742641349404
317,76377.9385192254,8.554682626586299e-7,23622.061479919063,0.47042061900669074
318,76442.56792171649,8.785292715573001e-7,23557.432077404927,0.47168361826469
319,76507.0204996776,9.033513023981554e-7,23492.979499418987,0.4729260499335539
320,76571.29673689579,9.300336439744157e-7,23428.70326217411,0.4741475458539651
321,76635.39711583442,9.586840231970173e-7,23364.60288320682,0.4753477440703203
322,76699.32211763681,9.894191854744588e-7,23300.677881373696,0.4765262889379857
323,76763.0722221298,1.0223655255177054e-6,23236.92777684776,0.4776828312286817
324,76826.64790782741,1.0576597719805007e-6,23173.35209111485,0.4788170282339676
325,76890.04965193439,1.0954497296092568e-6,23109.95034697009,0.47992854386679273
326,76953.2779303498,1.1358950828510781e-6,23046.722068514242,0.48101704876108636
327,77016.33321767057,1.1791682651535392e-6,22983.66678115019,0.4820822203693567
328,77079.21598719512,1.2254553984854811e-6,22920.784011579362,0.48312374305826783
329,77141.9267109268,1.2749573079140897e-6,22858.07328779818,0.4841413082021691
330,77204.46585957753,1.3278906163894152e-6,22795.534139094532,0.48513461427454757
331,77266.83390257123,1.3844889252125966e-6,22733.16609604423,0.48610336693737677
332,77329.03130804743,1.4450040859974533e-6,22670.968690507514,0.4870472791283353
333,77391.05854286472,1.509707570275534e-6,22608.941455625514,0.48796607114586943
334,77452.91607263093,1.578891456369973e-6,22547.08392579012,0.4888594707320755
335,77514.60436157187,1.6528724783891288e-6,22485.395636775203,0.4897272131533748
336,77576.12387277078,1.731989503750211e-6,22423.876125497176,0.49056904127896056
337,77637.47506798944,1.8166085461339515e-6,22362.524930193897,0.49138470565699105
338,77698.65840775055,1.9071233308626154e-6,22301.34159034226,0.4921739645885076
339,77759.67435130023,2.0039581592562022e-6,22240.325646695754,0.49293658419905506
340,77820.52335662789,2.107569863157228e-6,22179.476641264482,0.49367233850798425
341,77881.20588046972,2.2184502199602003e-6,22118.79411731177,0.49438100949541447
342,77941.72237831209,2.3371285354769455e-6,22058.277619350727,0.49506238716683804
343,78002.07330439491,2.464174403759478e-6,21997.926693140846,0.4957162696153452
344,78062.25911171512,2.6002006543484195e-6,21937.740885684612,0.49634246308145485
345,78122.28025202996,2.7458664965726064e-6,21877.71974522411,0.4969407820105283
346,78182.13717586041,2.901880870733687e-6,21817.862821237646,0.49751104910775446
347,78241.83033249454,3.0690060160428696e-6,21758.1696644364,0.49805309539068465
348,78301.36016999083,3.2480612651264255e-6,21698.639826761042,0.4985667602393073
349,78360.72713518159,3.439927074772303e-6,21639.27286137842,0.49905189144364176
350,78419.93167367618,3.6455493023370823e-6,21580.068322678206,0.4995083452488421
351,78478.97422986443,3.865943736854703e-6,21521.025766269573,0.49993598639779496
352,78537.85524691985,4.102200893368739e-6,21462.14474897789,0.5003346881711985
353,78596.57516680303,4.3554910783298525e-6,21403.424828841427,0.5007043324251128
354,78655.13443026485,4.627069733039656e-6,21344.865565108037,0.5010448096259678
355,78713.53347684977,4.9182830610602506e-6,21286.466518231904,0.5013560188830204
356,78771.77274489912,5.230573944222722e-6,21228.22724987026,0.5016378679782516
357,78829.85267155433,5.565488150334324e-6,21170.14732288013,0.5018902733936919
358,78887.77369276018,5.924680833878048e-6,21112.226301315088,0.5021131603361688
359,78945.53624326801,6.3099233288945145e-6,21054.46375042201,0.5023064627594714
360,79003.14075663897,6.723110230807955e-6,20996.85923663787,0.5024701233839197
361,79060.58766524719,7.166266761179225e-6,20939.412327586495,0.5026040937133387
362,79117.877400283,7.641556406212103e-6,20882.12259207539,0.5027083340494283
363,79175.01039175612,8.151288816278424e-6,20824.989600092533,0.5027828135035274
364,79231.98706849881,8.697927949736752e-6,20768.012922803206,0.5028275100057662
365,79288.80785816904,9.28410043987396e-6,20711.19213254681,0.5028424103116065
366,79345.4731872536,9.912604158876415e-6,20654.526802833727,0.5028275100057662
367,79401.98348107137,1.058641694731701e-5,20598.01650834216,0.5027828135035274
368,79458.33916377623,1.1308705471709378e-5,20541.660824915,0.5027083340494283
369,79514.54065836039,1.208283416621779e-5,20485.459329556725,0.5026040937133387
370,79570.58838665731,1.291237420761281e-5,20429.411600430256,0.5024701233839197
371,79626.48276934495,1.3801112465026567e-5,20373.51721685388,0.5023064627594714
372,79682.22422594872,1.4753060357992344e-5,20317.77575929816,0.5021131603361688
373,79737.81317484463,1.5772462547664397e-5,20262.186809382853,0.5018902733936919
374,79793.2500332623,1.6863805377027785e-5,20206.749949873854,0.5016378679782516
375,79848.53521728801,1.80318249663576e-5,20151.46476468012,0.5013560188830204
376,79903.66914186778,1.928151486021725e-5,20096.330838850663,0.5010448096259678
377,79958.65222081034,2.061813311195431e-5,20041.347758571475,0.5007043324251128
378,80013.48486679018,2.204720868103228e-5,19986.515111162553,0.5003346881711985
379,80068.16749135056,2.357454700771538e-5,19931.83248507484,0.49993598639779496
380,80122.70050490645,2.5206234618706027e-5,19877.299469887257,0.49950834524884213
381,80177.0843167476,2.69486426064431e-5,19822.915656303703,0.49905189144364176
382,80231.31933504145,2.8808428814044978e-5,19768.680636150068,0.4985667602393073
383,80285.40596683616,3.0792538547484615e-5,19714.594002371257,0.49805309539068476
384,80339.3446180635,3.2908203626695316e-5,19660.655349028235,0.49751104910775446
385,80393.13569354195,3.516293957812479e-5,19606.864271295057,0.4969407820105283
386,80446.7795969795,3.756454076300191e-5,19553.22036545592,0.49634246308145485
387,80500.27673097666,4.012107322849375e-5,19499.723228902214,0.4957162696153452
388,80553.62749702948,4.2840865063266764e-5,19446.372460129598,0.49506238716683804
389,80606.83229553241,4.573249403499905e-5,19393.167658735034,0.4943810094954146
390,80659.89152578126,4.8804772285407115e-5,19340.108425413895,0.49367233850798425
391,80712.80558597621,5.2066727858650487e-5,19287.194361956987,0.49293658419905506
392,80765.57487322467,5.5527582841866694e-5,19234.42507124766,0.4921739645885076
393,80818.19978354432,5.919672790237975e-5,19181.800157258866,0.49138470565699105
394,80870.68071186599,6.308369301512667e-5,19129.319225050218,0.4905690412789606
395,80923.0180520367,6.719811418636315e-5,19076.981880765077,0.4897272131533748
396,80975.2121968226,7.154969599603251e-5,19024.787731627595,0.4888594707320755
397,81027.26353791193,7.614816980158351e-5,18972.7363859398,0.48796607114586943
398,81079.17246591803,8.100324747074834e-5,18920.827453078615,0.4870472791283352
399,81130.93937038239,8.612457054005126e-5,18869.060543492946,0.4861033669373769
400,81182.56463977759,9.152165472977978e-5,18817.43526870067,0.4851346142745476
401,81234.04866151039,9.720382978492716e-5,18765.951241285686,0.48414130820216916
402,81285.39182192482,1.0318017465526204e-4,18714.608074894924,0.48312374305826783
403,81336.59450630512,1.0945944807618204e-4,18663.405384235342,0.4820822203693568
404,81387.65709887902,1.160500146652664e-4,18612.342785070887,0.48101704876108636
405,81438.57998282067,1.2295976670727692e-4,18561.41989421949,0.4799285438667928
406,81489.3635402539,1.301960418624875e-4,18510.636329549987,0.4788170282339676
407,81540.00815225532,1.377655370992702e-4,18459.991709979062,0.4776828312286818
408,81590.51419885758,1.456742192213426e-4,18409.485655468136,0.4765262889379857
409,81640.88205905244,1.5392723243238713e-4,18359.117787020263,0.47534774407032043
410,81691.11211079414,1.6252880345517406e-4,18308.88772667698,0.4741475458539652
411,81741.20473100262,1.7148214479802492e-4,18258.79509751516,0.47292604993355397
412,81791.16029556678,1.807893568375053e-4,18208.839523643812,0.47168361826469013
413,81840.97917934775,1.9045132946157806e-4,18159.020630200866,0.47042061900669085
414,81890.66175618234,2.004676440909347e-4,18109.338043349962,0.46913742641349404
415,81940.20839888629,2.108364769666087e-4,18059.79139027716,0.4678344207227588
416,81989.61947925773,2.215545046579387e-4,18010.3802991877,0.46651198804319227
417,82038.89536808048,2.326168128051133e-4,17961.10439930264,0.4651705202401381
418,82088.03643510645,2.4401677174641084e-4,17911.96332087671,0.46381041481945723
419,82137.04304916727,2.557461472967221e-4,17862.956695086516,0.46243207480973963
420,82185.91557801777,2.6779474742846696e-4,17814.08415418742,0.46103590864287686
421,82234.65438836646,2.8015039339456953e-4,17765.345331483088,0.4596223300330362
422,82283.25984598455,2.9279904822570213e-4,17716.739861216345,0.45819175785406707
423,82331.73231564891,3.057246679848738e-4,17668.26737862635,0.4567446160153805
424,82380.07216113959,3.1890915055046156e-4,17619.92751995121,0.45528133333633497
425,82428.27974524975,3.32332323968123e-4,17571.719922417877,0.4538023434191688
426,82476.35542978923,3.45971934918176e-4,17523.6442242388,0.45230808452051346
427,82524.29957558778,3.5980365182726313e-4,17475.700064608514,0.4507989994215294
428,82572.1125424986,3.738010833475391e-4,17427.887083700265,0.44927553529670033
429,82619.79468940149,3.879358129367874e-4,17380.204922662644,0.4477381435813252
430,82667.34637420622,4.021774502411083e-4,17332.65322361627,0.4461872798377492
431,82714.76795385576,4.164936998138178e-4,17285.231629650483,0.4446234036203696
432,82762.05978432945,4.3085044755065125e-4,17237.939784820057,0.44304697833946116
433,82809.2222206461,4.452118650499778e-4,17190.777334141974,0.44145847112385644
434,82856.25561686716,4.595405319219147e-4,17143.743923592254,0.43985835268252643
435,82903.16032609955,4.7379757587418095e-4,17096.83920010281,0.43824709716509835
436,82949.9367004987,4.879428301974245e-4,17050.0628115584,0.4366251820213561
437,82996.58509127135,5.019350080611404e-4,17003.414406793567,0.43499308785976026
438,83043.10584869803,5.157319064662749e-4,16956.893635570003,0.43335129830503444
439,83089.4993220359,5.292905430078475e-4,16910.50014867347,0.43170029985485686
440,83135.76585969624,5.425675034832759e-4,16864.233597736176,0.43004058173569915
441,83181.90580911165,5.555190633759981e-4,16818.09363536922,0.42837263575786017
442,83227.91951679699,5.681014787880096e-4,16772.07991510145,0.42669695616973
443,83273.80732832136,5.802712161198076e-4,16726.192091407338,0.425014039511335
444,83319.56958832243,5.919852181422558e-4,16680.42981969227,0.42332438446720116
445,83365.2066405085,6.032011664136781e-4,16634.79275629023,0.4216284917185841
446,83410.71882766063,6.138777461292613e-4,16589.280558461527,0.41992686379510513
447,83456.10649163435,6.239749110347776e-4,16543.89288439065,0.4182200049258426
448,83501.36997336154,6.33454145948422e-4,16498.629393184212,0.41650842088991613
449,83546.50961285221,6.422787243950267e-4,16453.489744868963,0.41479261886661467
450,83591.52574919601,6.504139588418156e-4,16408.473600389923,0.41307310728510804
451,83636.41872056386,6.578274410429404e-4,16363.58062160858,0.41135039567378756
452,83681.18886420941,6.644892700511855e-4,16318.810471301196,0.40962499450928314
453,83725.83651647046,6.703722655395154e-4,16274.162813157152,0.4078974150651967
454,83770.3620127512,6.754522302048609e-4,16229.637311796454,0.4061681692606021
455,83814.7656876217,6.797077878316856e-4,16185.233632670403,0.40443776950835114
456,83859.04787467423,6.83121034279138e-4,16140.951442204641,0.40270672856323564
457,83903.20890654878,6.856776008636724e-4,16096.790407773517,0.40097555937004636
458,83947.24911503015,6.873664275239677e-4,16052.75019760331,0.3992447749115774
459,83991.16883099436,6.881800342018685e-4,16008.830480825512,0.3975148880566166
460,84034.96838440435,6.881145983863154e-4,15965.030927480964,0.3957864114079735
461,84078.64810431733,6.871699653238449e-4,15921.351208512606,0.39405985715058256
462,84122.20831888601,6.853496517461931e-4,15877.790995764233,0.3923357368997323
463,84165.64935535984,6.826608222189922e-4,15834.349961979246,0.3906145615494627
464,84208.97154008626,6.791142383344268e-4,15791.027780799395,0.388896841121176
465,84252.17519851221,6.747241812889719e-4,15747.824126763513,0.3871830846125066
466,84295.26065518534,6.695083486768617e-4,15704.73867530621,0.38547379984649366
467,84338.22823375562,6.634877266103664e-4,15661.771102756546,0.38376949332110327
468,84381.07825697682,6.566864385421404e-4,15618.921086336644,0.3820706700591402
469,84423.81104670806,6.491315724090277e-4,15576.188304160276,0.38037783345860104
470,84466.42692391554,6.408529879373559e-4,15533.572435231363,0.37869148514350465
471,84508.92620867434,6.318831061438548e-4,15491.073159442443,0.3770121248152514
472,84551.30922017015,6.222566832314179e-4,15448.690157573043,0.37534025010455013
473,84593.57627670132,6.120105712129682e-4,15406.423111287995,0.3736763564239593
474,84635.72769568073,6.011834686187462e-4,15364.271703135682,0.37202093682108667
475,84677.76379363808,5.898156576739916e-4,15322.235616546155,0.37037448183248717
476,84719.68488622182,5.779487564690097e-4,15280.31453582932,0.36873747933830747
477,84761.49128820175,5.656254192582125e-4,15238.508146172711,0.3671104144177157
478,84803.18331347125,5.528890914532355e-4,15196.816133639546,0.3654937692051633
479,84844.76127504959,5.39783744698055e-4,15155.238185166565,0.3638880227475164
480,84886.22548508458,5.263536060066693e-4,15113.773988561717,0.3622936508621054
481,84927.57625485517,5.126429033330975e-4,15072.423232501824,0.3607111259957291
482,84968.8138947741,4.986956178845487e-4,15031.185606530174,0.3591409170846593
483,85009.93871439062,4.845552464912645e-4,14990.060801054024,0.35758348941568446
484,85050.95102239327,4.7026457603606967e-4,14949.048507342031,0.35603930448823445
485,85091.85112661279,4.558654714824251e-4,14908.148417521636,0.3545088198776299
486,85132.63933402486,4.4139867884764397e-4,14867.36022457636,0.3529924890994911
487,85173.31595075318,4.2690364424437537e-4,14826.683622343064,0.35149076147535313
488,85213.8812820724,4.124183498939935e-4,14786.118305509164,0.35000408199952077
489,85254.33563241095,3.9797916779391946e-4,14745.663969609777,0.34853289120720793
490,85294.67930535431,3.8362073150151565e-4,14705.32031102485,0.34707762504399703
491,85334.91260364781,3.6937582628313465e-4,14665.087026976258,0.3456387147366598
492,85375.03582919975,3.5527529743457177e-4,14624.963815524841,0.3442165866653744
493,85415.0492830844,3.41347978280288e-4,14584.950375567521,0.34281166223738024
494,85454.95326554506,3.276206324646275e-4,14545.046406834197,0.34142435776210633
495,85494.74807599708,3.141179180137595e-4,14505.251609884901,0.340055084327809
496,85534.4340130307,3.008623671641831e-4,14465.565686106838,0.33870424767975826
497,85574.01137441421,2.878743789540977e-4,14425.988337711315,0.33737224810000627
498,85613.48045709686,2.751722299961139e-4,14386.519267730817,0.3360594802887756
499,85652.84155721175,2.6277209858573597e-4,14347.158180016053,0.3347663332475004
500,85692.09497007876,2.5068810166671535e-4,14307.904779233038,0.3334931901635575
501,85731.24099020737,2.3893234363104026e-4,14268.758770860171,0.3322404282967192
502,85770.27991129954,2.2751497575462936e-4,14229.71986118536,0.3310084188673635
503,85809.21202625244,2.1644426505511397e-4,14190.787757303164,0.32979752694647346
504,85848.03762716123,2.057266713467869e-4,14151.962167111973,0.3286081113474583
505,85886.75700532172,1.9536693127342227e-4,14113.242799311221,0.3274405245198297
506,85925.37045123309,1.8536814811936084e-4,14074.629363398637,0.32629511244476317
507,85963.87825461701,1.7573191570537626e-4,14036.12156965094,0.3251722145325768
508,86002.28070433659,1.6645826756919287e-4,13997.719129205005,0.3240721635221558
509,86040.57808854546,1.5754604265650417e-4,13959.421753908366,0.3229952853823559
510,86078.77069457692,1.489927773964715e-4,13921.229156430156,0.32194189921541055
511,86116.85880899554,1.40794896895694e-4,13883.141050209415,0.3209123171623752
512,86154.84271757398,1.3294777230413995e-4,13845.157149478096,0.3199068443106323
513,86192.72270530571,1.254458407120424e-4,13807.277169248293,0.31892577860348764
514,86230.49905640731,1.1828270353415357e-4,13769.500825309831,0.3179694107518835
515,86268.17205432073,1.1145122260005673e-4,13731.827834227875,0.31703802414825427
516,86305.74198171566,1.0494361321948437e-4,13694.257913340569,0.31613189478255177
517,86343.20912049158,9.875153366559795e-5,13656.790780756726,0.31525129116046263
518,86380.57375178012,9.286617069121918e-5,13619.426155353556,0.3143964742238453
519,86417.83615594711,8.727832075508601e-5,13582.163756774406,0.3135676972734065
520,86454.99661259481,8.197846670574704e-5,13545.003305426559,0.3127652058936432
521,86492.05540056394,7.695684973735462e-5,13507.944522479043,0.31198923788007016
522,86529.01279793582,7.220353649366824e-5,13470.987129860487,0.3112400231687569
523,86565.86908203438,6.770848125380416e-5,13434.130850256983,0.3105177837681914
524,86602.62452942827,6.346158318543616e-5,13397.375407109997,0.3098227336934955
525,86639.27941593283,5.9452738698137035e-5,13360.72052461429,0.3091550789030067
526,86675.83401661212,5.567188897131561e-5,13324.165927715852,0.3085150172372485
527,86712.2886057809,5.210906276778885e-5,13287.711342109893,0.30790273836030624
528,86748.64345700663,4.875441467554461e-5,13251.356494238807,0.3073184237036252
529,86784.89884311141,4.559825894686669e-5,13215.10111129019,0.30676224641224864
530,86821.05503617392,4.263109912592911e-5,13178.944921194845,0.3062343712935113
531,86857.1123075314,3.9843653673480895e-5,13142.887652624824,0.30573495476820334
532,86893.07092778152,3.7226877810625904e-5,13106.929034991483,0.3052641448242196
533,86928.93116678436,3.4771981813268716e-5,13071.068798443524,0.3048220809727072
534,86964.69329366434,3.2470445994875226e-5,13035.306673865083,0.30440889420672596
535,87000.35757681204,3.0314032618123156e-5,12999.642392873799,0.304024706962432
536,87035.92428388617,2.8294794976130827e-5,12964.075687818899,0.3036696330827972
537,87071.39368181549,2.640508388158898e-5,12928.606291779304,0.30334377778387517
538,87106.76603680059,2.463755179760586e-5,12893.233938561732,0.30304723762362357
539,87142.04161431592,2.2985154837726402e-5,12857.9583626988,0.30278010047329174
540,87177.22067911159,2.1441152854700983e-5,12822.779299447146,0.3025424454913826
541,87212.30349521524,1.9999107828440163e-5,12787.696484785543,0.3023343431001963
542,87247.29032593398,1.8652880753461127e-5,12752.70965541303,0.30215585496496256
543,87282.18143385623,1.739662721525034e-5,12717.818548747035,0.302007033975568
544,87316.97708085358,1.6224791833554867e-5,12683.022902921508,0.3018879242308835
545,87351.67752808271,1.5132101738869123e-5,12648.322456785058,0.301798561025697
546,87386.28303598722,1.4113559236480384e-5,12613.71694989909,0.30173897084025497
547,87420.7938642995,1.316443380052905e-5,12579.20612253594,0.3017091713324153
548,87455.2102720426,1.2280253528762165e-5,12544.789715677023,0.3017091713324153
549,87489.53251753209,1.1456796177124372e-5,12510.467471010978,0.30173897084025497
550,87523.76085837798,1.0690079882134859e-5,12476.23913093181,0.301798561025697
551,87557.89555148648,9.976353668219452e-6,12442.104438537044,0.3018879242308835
552,87591.93685306191,9.312087826865694e-6,12408.063137625868,0.30200703397556794
553,87625.8850186086,8.693964244693016e-6,12374.114972697294,0.30215585496496256
554,87659.74030293268,8.118866748314029e-6,12340.25968894831,0.3023343431001963
555,87693.50296014396,7.5838715252289855e-6,12306.497032272024,0.3025424454913826
556,87727.17324365776,7.0862376719562e-6,12272.826749255843,0.30278010047329174
557,87760.75140619682,6.62339791315944e-6,12239.248587179614,0.30304723762362357
558,87794.23769979308,6.1929495286851875e-6,12205.762294013803,0.30334377778387517
559,87827.63237578957,5.792645519156943e-6,12172.367618417637,0.3036696330827972
560,87860.93568484217,5.4203860350745305e-6,12139.064309737292,0.304024706962432
561,87894.1478769216,5.074210089212799e-6,12105.852118004046,0.30440889420672596
562,87927.26920131511,4.752287567482592e-6,12072.730793932455,0.30482208097270713
563,87960.29990662842,4.4529115492804226e-6,12039.70008891853,0.30526414482421954
564,87993.24024078748,4.1744909446839975e-6,12006.7597550379,0.30573495476820334
565,88026.0904510403,3.9155434526185514e-6,11973.909545044007,0.3062343712935113
566,88058.8507839589,3.6746888412940685e-6,11941.149212366272,0.30676224641224864
567,88091.52148544094,3.450642549765317e-6,11908.478511108286,0.30731842370362517
568,88124.10280071168,3.2422096073651693e-6,11875.89719604599,0.3079027383603062
569,88156.59497432574,3.0482788659775793e-6,11843.405022625873,0.30851501723724845
570,88188.99825016891,2.8678175386211464e-6,11811.001746963164,0.30915507890300664
571,88221.31287146,2.6998660365800535e-6,11778.687125840013,0.30982273369349544
572,88253.53908075264,2.543533096320141e-6,11746.46091670371,0.31051778376819145
573,88285.67711993703,2.3979911866391484e-6,11714.322877664872,0.3112400231687567
574,88317.72723024177,2.2624721858985518e-6,11682.272767495653,0.31198923788007016
575,88349.68965223567,2.1362633187480943e-6,11650.31034562796,0.3127652058936431
576,88381.56462582955,2.0187033414629852e-6,11618.435372151655,0.3135676972734065
577,88413.35239027794,1.909178964849092e-6,11586.647607812778,0.3143964742238453
578,88445.05318418102,1.8071215036162798e-6,11554.946814011768,0.3152512911604626
579,88476.6672454862,1.7120037411587103e-6,11523.332752801682,0.3161318947825517
580,88508.19481149012,1.6233369987992221e-6,11491.805186886424,0.31703802414825427
581,88539.63611884024,1.5406683987401396e-6,11460.363879618983,0.31796941075188345
582,88570.99140353665,1.4635783102034416e-6,11429.008594999656,0.3189257786034876
583,88602.2609009339,1.3916779685289624e-6,11397.739097674303,0.31990684431063227
584,88633.44484574269,1.3246072573210328e-6,11366.555152932575,0.3209123171623752
585,88664.54347203168,1.2620326440836748e-6,11335.456526706177,0.3219418992154105
586,88695.55701322913,1.2036452601550662e-6,11304.44298556711,0.3229952853823557
587,88726.4857021248,1.1491591161373314e-6,11273.514296725923,0.3240721635221558
588,88757.32977087157,1.0983094444124634e-6,11242.670228029992,0.3251722145325768
589,88788.08945098727,1.0508511607347647e-6,11211.910547961761,0.3262951124447631
590,88818.7649733563,1.0065574372907238e-6,11181.235025637028,0.32744052451982963
591,88849.35656821827,9.652187006660114e-7,11150.643430816393,0.32860811134745826
592,88879.86446523739,9.266397624111023e-7,11120.135533835848,0.3297975269464736
593,88910.28889340417,8.906411729223491e-7,11089.71110570507,0.3310084188673636
594,88940.63008105397,8.570576565169506e-7,11059.369918088845,0.3322404282967191
595,88970.88825593481,8.257355476992697e-7,11029.111743239322,0.33349319016355733
596,89001.06364517122,7.965328638633443e-7,10998.936354032121,0.3347663332475004
597,89031.15647526219,7.69318561717905e-7,10968.843523968362,0.3360594802887755
598,89061.1669720871,7.439716640416144e-7,10938.833027168814,0.3373722481000062
599,89091.09536090729,7.203805602708287e-7,10908.904638372214,0.33870424767975826
600,89120.94186636787,6.984423591247742e-7,10879.058132933571,0.340055084327809
601,89150.70671249933,6.780622935423792e-7,10849.293286822483,0.3414243577621062
602,89180.39012271925,6.591531744020991e-7,10819.609876621465,0.3428116622373802
603,89209.99231983398,6.41634889673306e-7,10790.007679524258,0.34421658666537436
604,89239.51352604026,6.25433946070191e-7,10760.486473334182,0.34563871473665975
605,89268.95396292694,6.104830504938442e-7,10731.046036462449,0.347077625043997
606,89298.31385147663,5.967207287805981e-7,10701.686147926519,0.3485328912072077
607,89327.59341206735,5.840909794963252e-7,10672.406587348432,0.3500040819995207
608,89356.79286447416,5.725429607287855e-7,10643.20713495316,0.351490761475353
609,89385.91242787089,5.620307080343221e-7,10614.087571566954,0.35299248909949116
610,89414.95232083165,5.525128818921012e-7,10585.047678615709,0.3545088198776298
611,89443.9127613326,5.439525432096468e-7,10556.08723812332,0.3560393044882344
612,89472.7939667535,5.363169556086803e-7,10527.20603271005,0.35758348941568446
613,89501.59615387939,5.295774134013129e-7,10498.403845590892,0.3591409170846594
614,89530.3195389022,5.237090943446247e-7,10469.680460573954,0.3607111259957291
615,89558.96433742235,5.186909364377871e-7,10441.035662058828,0.36229365086210513
616,89587.53076445039,5.145055382014657e-7,10412.469235034983,0.3638880227475163
617,89616.0190344086,5.111390820556303e-7,10383.98096508014,0.3654937692051632
618,89644.42936113261,5.085812805905838e-7,10355.570638358675,0.3671104144177157
619,89672.76195787304,5.068253457085726e-7,10327.238041620009,0.36873747933830736
620,89701.017037297,5.058679808014768e-7,10298.982962197006,0.3703744818324871
621,89729.19481148977,5.057093963256434e-7,10270.805188004388,0.37202093682108656
622,89757.29549195638,5.063533493399522e-7,10242.704507537133,0.37367635642395924
623,89785.31928962316,5.078072077898955e-7,10214.680709868899,0.37534025010455
624,89813.26641483937,5.100820405512721e-7,10186.733584650432,0.37701212481525137
625,89841.13707737869,5.131927344947071e-7,10158.862922107995,0.37869148514350454
626,89868.93148644094,5.17158140099647e-7,10131.068513041791,0.3803778334586008
627,89896.64985065347,5.220012474370298e-7,10103.350148824398,0.38207067005914014
628,89924.29237807292,5.27749394657259e-7,10075.7076213992,0.383769493321103
629,89951.85927618662,5.34434511468549e-7,10048.14072327883,0.38547379984649377
630,89979.35075191417,5.420934004748645e-7,10020.649247543608,0.3871830846125065
631,90006.7670116091,5.507680596677927e-7,9993.232987840003,0.3888968411211759
632,90034.1082610603,5.605060498387204e-7,9965.891738379074,0.3906145615494627
633,90061.37470549361,5.713609112033241e-7,9938.625293934929,0.39233573689973233
634,90088.56654957331,5.833926341172225e-7,9911.433449843187,0.3940598571505825
635,90115.68399740377,5.966681894182551e-7,9884.316001999448,0.3957864114079734
636,90142.72725253085,6.112621246670058e-7,9857.272746857761,0.3975148880566166
637,90169.69651794352,6.272572333839196e-7,9830.303481429095,0.3992447749115772
638,90196.59199607531,6.447453053112389e-7,9803.408003279823,0.4009755593700463
639,90223.41388880585,6.638279667753145e-7,9776.586110530201,0.40270672856323536
640,90250.1623974624,6.846176214058647e-7,9749.837601852863,0.40443776950835103
641,90276.83772282132,7.072385028020252e-7,9723.162276471308,0.4061681692606019
642,90303.44006510965,7.318278522416293e-7,9696.559934158397,0.4078974150651966
643,90329.96962400647,7.58537236234197e-7,9670.030375234854,0.4096249945092831
644,90356.42659864454,7.875340206470477e-7,9643.57340056778,0.4113503956737875
645,90382.81118761169,8.190030203191621e-7,9617.188811569153,0.41307310728510804
646,90409.1235889637,8.531478822965352e-7,9590.876410183007,0.4147926188666146
647,90435.3640001684,8.901954996906686e-7,9564.635998941261,0.416508420889916
648,90461.53261820758,9.303943340520729e-7,9538.467380861874,0.4182200049258424
649,90487.6296395009,9.740199909195758e-7,9512.370359524937,0.41992686379510513
650,90513.65525994083,1.0213768255938645e-6,9486.344739037644,0.42162849171858396
651,90539.6096748768,1.07280193079075e-6,9460.390324050251,0.4233243844672011
652,90565.49307912358,1.1286685159182721e-6,9434.506919747608,0.4250140395113348
653,90591.30566696277,1.1893900237280703e-6,9408.694331847704,0.42669695616973
654,90617.04763214423,1.2554247556565596e-6,9382.952366600222,0.4283726357578601
655,90642.71916788748,1.3272810714909577e-6,9357.280830785105,0.4300405817356991
656,90668.32046688322,1.4055232391433883e-6,9331.679531711117,0.43170029985485664
657,90693.85172129466,1.4907780196462747e-6,9306.14827721442,0.43335129830503444
658,90719.31312275896,1.5837420842526938e-6,9280.686875657153,0.43499308785976004
659,90744.70486238865,1.6851903738524564e-6,9255.295135926013,0.4366251820213558
660,90770.02713077301,1.7959855261282427e-6,9229.972867430855,0.4382470971650981
661,90795.28011797949,1.9170885132538164e-6,9204.719880103288,0.43985835268252643
662,90820.46401355501,2.049570652792402e-6,9179.535984395274,0.4414584711238563
663,90845.57900652748,2.1946271771490112e-6,9154.420991277757,0.443046978339461
664,90870.62528540699,2.3535925728804755e-6,9129.374712239283,0.44462340362036973
665,90895.60303818728,2.5279579308470806e-6,9104.396959284622,0.4461872798377492
666,90920.51245234703,2.7193905821462374e-6,9079.487544933432,0.4477381435813252
667,90945.35371485121,2.9297563336286532e-6,9054.646282218888,0.44927553529670006
668,90970.12701215236,3.161144661280736e-6,9029.872984686363,0.4507989994215295
669,90994.83253019185,3.4158972706898116e-6,9005.167466392106,0.45230808452051346
670,91019.4704544013,3.6966404921395697e-6,8980.529541901928,0.4538023434191688
671,91044.04096970364,4.0063220447006945e-6,8955.95902628991,0.45528133333633497
672,91068.54426051448,4.348252780235364e-6,8931.455735137124,0.45674461601538047
673,91092.98051074332,4.7261541059581506e-6,8907.01948453038,0.45819175785406707
674,91117.3499219777,5.144699833368629e-6,8882.650072877459,0.45962233003303615
675,91141.65262358556,5.607169020996573e-6,8858.347370807129,0.4610359086428769
676,91165.88886563644,6.120758920041301e-6,8834.111128242634,0.4624320748097396
677,91190.058779588,6.689907567125804e-6,8809.941213721928,0.46381041481945723
678,91214.16259942298,7.323422312824582e-6,8785.837393253429,0.46517052024013794
679,91238.20043289817,8.025980758837892e-6,8761.799559075682,0.46651198804319227
680,91262.17250614033,8.807942205139942e-6,8737.827485051559,0.4678344207227587
681,91286.07900982362,9.679906830111672e-6,8713.920980496294,0.469137426413494
682,91309.92007084379,1.064951332615899e-5,8690.079918506523,0.47042061900669063
683,91333.69593448426,1.1733634444846654e-5,8666.304053781929,0.47168361826469
684,91357.4067296832,1.2942730405492244e-5,8642.593257373888,0.4729260499335539
685,91381.05268593432,1.4297645177896014e-5,8618.947299767857,0.474147545853965
686,91404.63390892385,1.580949736513004e-5,8595.366075266491,0.47534774407032043
687,91428.15062043056,1.7502966136865314e-5,8571.849362066298,0.4765262889379857
688,91451.60300745258,1.9403463281385535e-5,8548.396973143776,0.4776828312286817
689,91474.99119443612,2.1529345881652065e-5,8525.00878403436,0.47881702823396755
690,91498.3154219186,2.3921343881394907e-5,8501.6845541599,0.47992854386679273
691,91521.57583367766,2.6608874459573634e-5,8478.424139713312,0.48101704876108625
692,91544.77260416714,2.9630906324960952e-5,8455.2273662018,0.4820822203693566
693,91567.90590734423,3.3031768157199195e-5,8432.094059623854,0.4831237430582677
694,91590.9758994742,3.685594036245066e-5,8409.024063669707,0.4841413082021691
695,91613.98280365522,4.117820233909756e-5,8386.017155166415,0.48513461427454757
696,91636.92672261392,4.603865629196555e-5,8363.073231347282,0.4861033669373767
697,91659.80787190513,5.152653298139144e-5,8340.1920765682,0.4870472791283353
698,91682.62641624268,5.772430217745011e-5,8317.373526032874,0.48796607114586943
699,91705.38252656344,6.472846404102875e-5,8294.617408707947,0.4888594707320754
700,91728.07637328655,7.264922292311762e-5,8271.923554064082,0.48972721315337464
701,91750.70812630994,8.161226797355748e-5,8249.291792077656,0.4905690412789606
702,91773.27795500384,9.176105037605468e-5,8226.72195323497,0.49138470565699105
703,91795.78602820335,1.0325933236595664e-4,8204.21386853717,0.4921739645885075
704,91818.23251419966,1.1629410596730059e-4,8181.7673695060785,0.49293658419905495
705,91840.61758072986,1.310789334414154e-4,8159.38228819105,0.49367233850798425
706,91862.94139496509,1.4785776868398015e-4,8137.05845717699,0.4943810094954146
707,91885.20412349679,1.6690932817024602e-4,8114.795709593719,0.4950623871668379
708,91907.40593232088,1.8855208945775417e-4,8092.593879126874,0.4957162696153452
709,91929.54698681929,2.131500060046543e-4,8070.452800030548,0.49634246308145485
710,91951.62745173887,2.4111903923147932e-4,8048.372307141944,0.4969407820105283
711,91973.64749116694,2.7293462250077696e-4,8026.352235898299,0.49751104910775446
712,91995.60726850323,3.091401872017244e-4,8004.392422356444,0.49805309539068476
713,92017.50694642765,3.503568986108666e-4,7982.492703215315,0.4985667602393073
714,92039.34668684611,3.97296992984364e-4,7960.652915856746,0.4990518914436417
715,92061.12665093591,4.5076500052094976e-4,7938.872898298941,0.49950834524884213
716,92082.84699897094,5.116880697258703e-4,7917.152489340847,0.49993598639779496
717,92104.5078902821,5.811312377770792e-4,7895.491528586515,0.5003346881711985
718,92126.10948327948,6.603049182399442e-4,7873.889856415461,0.5007043324251128
719,92147.65193533406,7.505916284231014e-4,7852.347314074172,0.5010448096259678
720,92169.1354026861,8.535719125014757e-4,7830.863743741846,0.5013560188830204
721,92190.56004035729,9.710507549145272e-4,7809.438988591815,0.5016378679782516
722,92211.92600204174,0.0011050891319040748,7788.072892868984,0.5018902733936917
723,92233.2334399821,0.0012580397496765071,7766.765301978011,0.5021131603361688
724,92254.4825048285,0.001432587556525917,7745.516062583807,0.5023064627594714
725,92275.67334547798,0.0016317957037988299,7724.3250227261915,0.5024701233839197
726,92296.80610889175,0.0018591576216191621,7703.192031950513,0.5026040937133387
727,92317.88093988753,0.0021186559745933068,7682.116941456376,0.5027083340494283
728,92338.89798090368,0.002414829347590175,7661.099604266847,0.5027828135035273
729,92359.85737173146,0.0027528476039455282,7640.139875420818,0.5028275100057662
730,92380.75924921142,0.0031385969603359124,7619.237612191506,0.5028424103116065
731,92401.60374688951,0.0035787759326308256,7598.392674334457,0.5028275100057662
732,92422.39099462767,0.00408100342587787,7577.6049243688,0.5027828135035274
733,92443.1211181636,0.004653940369402124,7556.8742278959135,0.5027083340494283
734,92463.79423861532,0.005307425871978677,7536.200453958689,0.5026040937133387
735,92484.41047191012,0.006052633300118696,7515.583475456461,0.5024701233839197
736,92504.96992819139,0.00690223147470116,7495.023169577004,0.5023064627594714
737,92525.47271102977,0.007870598009796666,7474.519418372098,0.5021131603361688
738,92545.91891667133,0.008974021022316063,7454.072109307534,0.5018902733936919
739,92566.30863314486,0.010230937218672664,7433.681135917801,0.5016378679782516
740,92586.64193922731,0.01166220632577384,7413.346398566252,0.5013560188830204
741,92606.91890331436,0.013291408202349107,7393.067805277322,0.5010448096259676
742,92627.13958215117,0.015145174385303911,7372.845272674333,0.5007043324251128
743,92647.30401941061,0.01725355659849178,7352.678727032672,0.5003346881711985
744,92667.41224410679,0.019650434616576947,7332.568105458474,0.49993598639779496
745,92687.46426882544,0.0223739673173144,7312.513357207128,0.49950834524884213
746,92707.46008775341,0.025467090460618184,7292.514445156018,0.49905189144364176
747,92727.39967448774,0.028978064945989535,7272.5713474471995,0.4985667602393073
748,92747.28297960339,0.03296107945763894,7252.684059317034,0.49805309539068465
749,92767.10992795735,0.03747691147971804,7232.852595131042,0.49751104910775446
750,92786.88041570564,0.042593650730515326,7213.076990643499,0.4969407820105283
751,92806.59430700817,0.048387489080944215,7193.357305502622,0.49634246308145485
752,92826.25143039541,0.05494358098466361,7173.693626023484,0.4957162696153452
753,92845.85157476948,0.06235697834732995,7154.086068252043,0.49506238716683804
754,92865.39448501138,0.07073364358849198,7134.534781344902,0.4943810094954146
755,92884.87985716492,0.08019154439052863,7115.039951290561,0.4936723385079843
756,92904.30733316766,0.09086183327272951,7095.601804998945,0.49293658419905506
757,92923.6764950983,0.10289011466241119,7076.220614786904,0.4921739645885076
758,92942.98685891024,0.11643780154579958,7056.896703288077,0.49138470565699105
759,92962.23786762076,0.1316835630559871,7037.630448816051,0.49056904127896056
760,92981.42888392645,0.148824863480287,7018.422291209927,0.4897272131533748
761,93000.55918221636,0.16807959213174856,6999.272738191356,0.4888594707320755
762,93019.62793995588,0.18968778231705222,6980.182372261642,0.4879660711458695
763,93038.63422841702,0.2139134162340645,6961.1518581665805,0.4870472791283352
764,93057.57700273342,0.2410463110369941,6942.181950955375,0.4861033669373769
765,93076.45509126238,0.2714040795072484,6923.273504657941,0.48513461427454774
766,93095.26718424067,0.30533415675805303,6904.4274816024135,0.4841413082021693
767,93114.01182172635,0.343215882177952,6885.644962391327,0.48312374305826783
768,93132.68738082553,0.38546262338332105,6866.927156550932,0.4820822203693568
769,93151.29206221031,0.43252392630806435,6848.275413863219,0.4810170487610865
770,93169.82387594266,0.48488767271963007,6829.691236384458,0.4799285438667926
771,93188.28062662912,0.5430822234297454,6811.176291147295,0.4788170282339676
772,93206.6598979418,0.6076785222873184,6792.732423535743,0.4776828312286818
773,93224.95903655357,0.6792921327279111,6774.361671313535,0.4765262889379859
774,93243.17513554812,0.7585851752444243,6756.066279276459,0.4753477440703203
775,93261.30501738095,0.8462681306801325,6737.848714488209,0.4741475458539651
776,93279.34521648184,0.9431014707789469,6719.711682047199,0.47292604993355397
777,93297.29196160736,1.0498970740179272,6701.658141318444,0.47168361826469013
778,93315.141158068,1.167519381460985,6683.691322550359,0.47042061900669074
779,93332.88836997464,1.2968862442858742,6665.814743780891,0.46913742641349404
780,93350.52880266687,1.438969411832081,6648.03222792111,0.4678344207227588
781,93368.057285506,1.5947946065853418,6630.347919887251,0.46651198804319227
782,93385.46825523532,1.7654411302817004,6612.766303634233,0.46517052024013805
783,93402.75574012639,1.9520409465032837,6595.292218926937,0.46381041481945734
784,93419.91334514097,2.155777186713718,6577.930877672141,0.46243207480973963
785,93436.93423844992,2.377881980239134,6560.687879569668,0.46103590864287686
786,93453.81113944857,2.619633629523128,6543.569226921725,0.4596223300330362
787,93470.5363086355,2.882353026639302,6526.581338337696,0.45819175785406713
788,93487.1015397006,3.167399249094527,6509.731061050142,0.4567446160153805
789,93503.49815408587,3.476164309715586,6493.025681604256,0.4552813333363351
790,93519.71699835816,3.810067017596502,6476.472934624078,0.4538023434191688
791,93535.748444736,4.1705459087934615,6460.081009355044,0.4523080845205136
792,93551.58239510072,4.559051221759305,6443.858553677364,0.4507989994215295
793,93567.208288824,4.977035900080833,6427.814675275766,0.44927553529670033
794,93582.61511473615,5.4259456159482005,6411.958939647742,0.4477381435813253
795,93597.79142754547,5.9072078203340865,6396.301364634044,0.44618727983774925
796,93612.72536900095,6.422219839320533,6380.852411159577,0.4446234036203696
797,93627.40469406605,6.9723360509178445,6365.622969882888,0.4430469783394612
798,93641.81680233992,7.558854192645754,6350.624343467278,0.44145847112385656
799,93655.948774926,8.18300086698993,6335.868224206857,0.4398583526825265
800,93669.7874169036,8.845916329421975,6321.366666766846,0.43824709716509835
801,93683.31930550885,9.548638661720755,6307.132055829286,0.4366251820213561
802,93696.53084407515,10.292087451590117,6293.177068473113,0.4349930878597603
803,93709.40832171803,11.077047117793256,6279.514631164031,0.43335129830503444
804,93721.93797870514,11.90415003729743,6266.157871257409,0.43170029985485675
805,93734.10607730768,12.773859652302502,6253.120063039866,0.4300405817356993
806,93745.89897802696,13.686453731664715,6240.414568241222,0.42837263575786033
807,93757.30322059558,14.642008015461304,6228.054771388811,0.4266969561697299
808,93768.30560980513,15.640380436192254,6216.054009758534,0.42501403951133493
809,93778.89330538939,16.68119615165445,6204.425498458832,0.42332438446720116
810,93789.05391542187,17.763833622426073,6193.182250955587,0.42162849171858424
811,93798.77559267124,18.887411967896355,6182.336995360746,0.419926863795105
812,93808.04713317566,20.050779838275623,6171.902086985942,0.4182200049258425
813,93816.85807624794,21.252506035875687,6161.889417716072,0.41650842088991613
814,93825.1988050568,22.49087211150229,6152.3103228315695,0.41479261886661467
815,93833.06064721642,23.76386714330769,6143.175485640137,0.41307310728510804
816,93840.43597200711,25.06918494780406,6134.494843044946,0.41135039567378756
817,93847.31829111135,26.40422379826274,6126.277485090258,0.40962499450928314
818,93853.70234790436,27.766088840734373,6118.531563254769,0.4078974150651967
819,93859.58420559762,29.151597475844408,6111.264196926374,0.406168169260602
820,93864.96133395968,30.55728754144021,6104.481378498712,0.40443776950835114
821,93869.83268511352,31.979428579947516,6098.187886306376,0.40270672856323564
822,93874.19876280091,33.41403610760101,6092.387201091334,0.40097555937004636
823,93878.06168333736,34.85688887867637,6087.0814277838035,0.39924477491157734
824,93881.42522717609,36.30354908656992,6082.271223737181,0.39751488805661667
825,93884.29488015233,37.74938530180296,6077.955734545709,0.3957864114079735
826,93886.67786429382,39.18959861889131,6074.132537087135,0.3940598571505826
827,93888.58315533375,40.61924910568627,6070.797595560402,0.39233573689973245
828,93890.02149186326,42.03328964040231,6067.945218496179,0.39061456154946284
829,93891.00536686397,43.42659599785019,6065.568037138015,0.388896841121176
830,93891.54900920222,44.794000716071935,6063.65699008153,0.3871830846125066
831,93891.66835254838,46.13032939288566,6062.201318058563,0.3854737998464938
832,93891.38099045916,47.430436915248194,6061.188572625414,0.3837694933211031
833,93890.70611890598,48.68924440904215,6060.6046366848195,0.3820706700591402
834,93889.66446629773,49.901776387390704,6060.433757314714,0.38037783345860104
835,93888.27821155095,51.063197641166205,6060.658590807734,0.3786914851435048
836,93886.57089077095,52.16884945383607,6061.260259775067,0.3770121248152513
837,93884.56729330217,53.21428472068646,6062.218421976993,0.37534025010455013
838,93882.29334802044,54.19530156341697,6063.511350416002,0.37367635642395947
839,93879.77600085724,55.10797504754589,6065.116024095066,0.37202093682108683
840,93877.04308464877,55.94868663305324,6067.008228718026,0.370374481832487
841,93874.12318248935,56.7141510177568,6069.162666492739,0.3687374793383073
842,93871.0454858401,57.40144006750072,6071.553074092233,0.3671104144177159
843,93867.83964869581,58.00800356498135,6074.152347739052,0.3654937692051631
844,93864.5356391569,58.5316865688953,6076.932674274042,0.36388802274751625
845,93861.16358974186,58.970743230188674,6079.865667027778,0.3622936508621053
846,93857.7536477677,59.32384669350869,6082.922505538599,0.3607111259957293
847,93854.3358273037,59.59009548808688,6086.074077208017,0.35914091708465934
848,93850.93986376474,59.769016048152736,6089.29112018692,0.35758348941568435
849,93847.59507247589,59.86056137490933,6092.544366149024,0.35603930448823445
850,93844.33021239078,59.865106008627464,6095.804681600424,0.3545088198776299
851,93841.17335606634,59.78343745089647,6099.043206482577,0.3529924890994911
852,93838.15176685544,59.61674416095343,6102.2314889834215,0.35149076147535313
853,93835.29178421485,59.36660034344472,6105.34161544154,0.3500040819995208
854,93832.61871789665,59.034947771306705,6108.34633433187,0.34853289120720776
855,93830.15675167684,58.624074918031155,6111.219173404953,0.3470776250439971
856,93827.92885714762,58.136593699519906,6113.9345491526765,0.34563871473665986
857,93825.95671797503,57.575414146129795,6116.467867878657,0.34421658666537447
858,93824.26066489678,56.94371734029157,6118.795617762764,0.34281166223738024
859,93822.85962161052,56.2449269597465,6120.89545142955,0.34142435776210633
860,93821.77106159033,55.482679796723716,6122.746258612756,0.34005508432780907
861,93821.01097572593,54.66079555783096,6124.328228716047,0.3387042476797583
862,93820.59385062111,53.78324632253642,6125.622903056183,0.3373722481000063
863,93820.5326572337,52.85412596675219,6126.613216799375,0.33605948028877564
864,93820.83884949246,51.8776198791745,6127.283530628194,0.33476633324750044
865,93821.52237240964,50.857975251422566,6127.619652338776,0.3334931901635574
866,93822.59167916112,49.799472217210194,6127.608848621507,0.3322404282967192
867,93824.05375653513,48.70639608632975,6127.239847378388,0.33100841886736365
868,93825.91415810386,47.5830108917634,6126.502831004222,0.3297975269464736
869,93828.17704443385,46.43353444004154,6125.389421125964,0.3286081113474583
870,93830.8452296224,45.262115025656406,6123.892655351795,0.3274405245198297
871,93833.9202334309,44.07280994071465,6122.00695662824,0.3262951124447633
872,93837.40233827734,42.86956588156154,6119.728095840948,0.32517221453257683
873,93841.29065035252,41.65620132531233,6117.053148322027,0.32407216352215573
874,93845.58316413405,40.43639092145576,6113.980444944348,0.3229952853823559
875,93850.27682958932,39.21365191715003,6110.509518493383,0.32194189921541067
876,93855.36762138114,37.99133261187628,6106.641046006822,0.3209123171623751
877,93860.8506094337,36.77260281039449,6102.376787755746,0.31990684431063227
878,93866.72003022963,35.560446227154024,6097.719523543056,0.31892577860348775
879,93872.96935825015,34.35765477508477,6092.672986974609,0.3179694107518836
880,93879.5913770436,33.16682465471983,6087.241798301506,0.31703802414825427
881,93886.57824942008,31.990354147863176,6081.431396431888,0.31613189478255166
882,93893.92158632725,30.830443008315775,6075.247970664287,0.31525129116046263
883,93901.61251401153,29.689093333438738,6068.698392654878,0.3143964742238454
884,93909.64173911535,28.568111793902627,6061.7901490906,0.3135676972734065
885,93917.99961140791,27.469113094633165,6054.5312754973065,0.3127652058936431
886,93926.67618389406,26.39352453762387,6046.930291568162,0.3119892378800702
887,93935.66127008981,25.34259155678806,6038.996138353262,0.31124002316875676
888,93944.94449829617,24.317384096177705,6030.738117607495,0.3105177837681914
889,93954.51536274521,23.318803707134663,6022.165833547499,0.3098227336934955
890,93964.36327152081,22.3475912342669,6013.28913724476,0.3091550789030067
891,93974.47759121665,21.404334988487452,6004.118073794699,0.3085150172372485
892,93984.84768829128,20.48947928161013,5994.662832426953,0.30790273836030624
893,93995.46296714047,19.603333226498115,5984.933699632886,0.3073184237036252
894,94006.31290491269,18.746079699840156,5974.941015387327,0.30676224641224864
895,94017.38708313201,17.917784382774073,5964.6951324850725,0.3062343712935113
896,94028.6752162042,17.118404796185665,5954.206378999458,0.3057349547682034
897,94040.16717690208,16.347799257211754,5943.485023840548,0.3052641448242196
898,94051.85301894152,15.605735691826744,5932.541245366494,0.3048220809727072
899,94063.72299677126,14.891900246150422,5921.3851029824145,0.304408894206726
900,94075.76758270993,14.205905646971702,5910.0265116429155,0.30402470696243206
901,94087.97748157068,13.547299269433395,5898.475219159712,0.3036696330827972
902,94100.34364291963,12.915570876994945,5886.740786203197,0.30334377778387517
903,94112.85727111767,12.31016000554354,5874.8325688766045,0.30304723762362357
904,94125.5098332965,11.730462969840744,5862.759703733495,0.30278010047329174
905,94138.29306542015,11.17583947634284,5850.531095103341,0.3025424454913826
906,94151.19897658208,10.64561883179597,5838.155404585947,0.3023343431001963
907,94164.21985168479,10.139105741874932,5825.641042573163,0.30215585496496256
908,94177.3482526458,9.65558569850455,5812.9961616555065,0.302007033975568
909,94190.57701826947,9.194329958381736,5800.228651771952,0.3018879242308835
910,94203.89926291826,8.754600118616084,5787.3461369629395,0.301798561025697
911,94217.30837411198,8.335652298345275,5774.3559735894905,0.301738970840255
912,94230.79800917703,7.936740937679403,5761.265249885103,0.3017091713324153
913,94244.36209106083,7.5571222274109,5748.0807867115645,0.3017091713324153
914,94257.99480342021,7.196057184621003,5734.809139394976,0.30173897084025497
915,94271.690585085307,6.852814390648707,5721.456600523847,0.301798561025697
916,94285.44412399377,6.5266724088937424,5708.029203597141,0.3018879242308835
917,94299.25035068279,6.216921900631819,5694.5327274163765,0.302007033975568
918,94313.10443142004,5.922867457458307,5680.9727011223,0.30215585496496256
919,94327.00176104742,5.643829169175642,5667.354409783199,0.3023343431001963
920,94340.93795560548,5.379143945928689,5653.682900448381,0.3025424454913826
921,94354.9088447997,5.128166613198944,5639.962988586881,0.30278010047329174
922,94368.91046436412,4.890270797918896,5626.1992648377545,0.30304723762362357
923,94382.93904837174,4.664849623486851,5612.3961020045745,0.30334377778387517
924,94396.99102153622,4.4513162308728305,5598.557662232715,0.3036696330827972
925,94411.06299154369,4.249104142329025,5584.6879043138,0.304024706962432
926,94425.15174144911,4.0576674834728435,5570.790591067237,0.30440889420672596
927,94439.25422216713,3.876481078714355,5556.869296753989,0.30482208097270713
928,94453.36754508295,3.7050404341683993,5542.9274144826995,0.30526414482421954
929,94467.48897480547,3.542861621338667,5528.968163573001,0.30573495476820334
930,94481.61592208064,3.389481073998823,5514.994596845165,0.3062343712935113
931,94495.74593688062,3.2444553098346547,5501.009607809355,0.3067622464122487
932,94509.87670168071,3.107360587560386,5487.015937731527,0.3073184237036252
933,94524.00602493391,2.977792509389244,5473.016182556494,0.3079027383603063
934,94538.13183474998,2.85536557792941,5459.012799671889,0.3085150172372484
935,94552.2521727843,2.73971271579677,5445.008114499703,0.30915507890300664
936,94566.36518833958,2.6304847554893973,5431.004326904716,0.30982273369349544
937,94580.46913268183,2.527349906358628,5417.003517411604,0.31051778376819134
938,94594.5623535703,2.4299932048400485,5403.007653224643,0.3112400231687567
939,94608.64329000037,2.3381159534763403,5389.018594045934,0.3119892378800702
940,94622.71046715631,2.251435153673426,5375.038097689798,0.31276520589364315
941,94636.76249157064,2.1696829365821118,5361.067825492554,0.3135676972734065
942,94650.79804648549,2.09260599598922,5347.109347518301,0.3143964742238453
943,94664.81588741067,2.019965026634447,5333.164147562469,0.3152512911604626
944,94678.81483787278,1.9515341709410157,5319.233627956057,0.3161318947825516
945,94692.79378534871,1.8871004767584492,5305.319114174306,0.31703802414825416
946,94706.751677377,1.8264633683631268,5291.421859254418,0.3179694107518835
947,94720.68751783959,1.7694341326452223,5277.543048027566,0.3189257786034877
948,94734.6003634066,1.7158354221275927,5263.683801171061,0.31990684431063227
949,94748.48932013659,1.6655007762115488,5249.845179086982,0.32091231716237517
950,94762.35354022389,1.618274161824536,5236.028185614055,0.32194189921541044
951,94776.19221888551,1.5740095344539782,5222.2337715798085,0.3229952853823557
952,94790.00459137898,1.5325704203882942,5208.462838200417,0.3240721635221557
953,94803.78993014313,1.4938295208488384,5194.7162403358025,0.3251722145325768
954,94817.54754205342,1.4576683385838514,5180.994789607787,0.32629511244476317
955,94831.27676578317,1.423976827406073,5167.29925738921,0.32744052451982963
956,94844.97696926261,1.3926530650882756,5153.630377672101,0.32860811134745826
957,94858.64754722675,1.3636029499845415,5139.98884982305,0.32979752694647335
958,94872.28791884401,1.3367399217187235,5126.375341234055,0.33100841886736343
959,94885.89752541632,1.311984706274409,5112.790489877186,0.33224042829671896
960,94899.47582814241,1.2892650858322772,5099.23490677153,0.33349319016355716
961,94913.02230593511,1.2685156937305757,5085.709178370935,0.3347663332475003
962,94926.53645328361,1.24967783497232,5072.213868881204,0.33605948028877547
963,94940.01777815148,1.2326993327687423,5058.7495225155335,0.3373722481000062
964,94953.46579990098,1.2175344016926573,5045.316665697107,0.3387042476797584
965,94966.88004723372,1.2041435481182352,5031.915809217956,0.34005508432780907
966,94980.26005613762,1.192493498745826,5018.547450363431,0.34142435776210606
967,94993.60536782976,1.1825571581529557,5005.212075011876,0.34281166223738
968,95006.91552668392,1.1743135964766171,4991.910159719404,0.3442165866653743
969,95020.1900781312,1.1677480685190786,4978.642173800068,0.34563871473665975
970,95033.42856652188,1.1628520657815689,4965.4085814121345,0.3470776250439969
971,95046.63053293491,1.1596234031695758,4952.209843661696,0.348532891207208
972,95059.79551292196,1.1580663423829365,4939.046420735436,0.3500040819995209
973,95072.92303417041,1.1581917543064688,4925.9187740750585,0.3514907614753532
974,95086.01261407004,1.1600173230563986,4912.8273686066805,0.35299248909949116
975,95099.06375716566,1.1635677947185143,4899.772675039401,0.3545088198776298
976,95112.07595247723,1.1688752742407962,4886.7551722482995,0.35603930448823434
977,95125.04867066705,1.1759795744219774,4873.775349758292,0.35758348941568424
978,95137.98136103165,1.1849286214745953,4860.833710346661,0.3591409170846592
979,95150.87344829395,1.195778922244147,4847.930772783579,0.3607111259957292
980,95163.72432916921,1.2085960988435995,4835.067074731715,0.3622936508621053
981,95176.53336867454,1.2234554972245406,4822.243175827998,0.3638880227475163
982,95189.29989614987,1.2404428770640474,4809.459660972849,0.3654937692051632
983,95202.02320095371,1.2596551913127674,4796.717143854743,0.36711041441771564
984,95214.70252779408,1.2812014648395305,4784.016270740852,0.3687374793383072
985,95227.33707164919,1.3052037828380088,4771.357724567751,0.37037448183248695
986,95239.92597222884,1.33179840105078,4758.742229369888,0.37202093682108667
987,95252.46830792069,1.3611369914378566,4746.170555087651,0.37367635642395935
988,95264.96308915949,1.3933880386956825,4733.643522801603,0.37534025010455
989,95277.40925114996,1.4287384050477836,4721.162010444765,0.37701212481525137
990,95289.80564586587,1.4673950830131257,4708.72695905089,0.37869148514350454
991,95302.1510332379,1.5095871584508496,4696.339379603438,0.38037783345860077
992,95314.44407143291,1.5555680091243955,4684.000360557741,0.3820706700591399
993,95326.68330611484,1.6056177673743186,4671.7110761175845,0.3837694933211032
994,95338.86715856318,1.6600460792951628,4659.472795357315,0.3854737998464937
995,95350.99391251079,1.7191951971439605,4647.286892291867,0.38718308461250645
996,95363.06169954332,1.7834434466426097,4635.154857009829,0.3888968411211759
997,95375.06848288422,1.8532091164612217,4623.078307999133,0.39061456154946295
998,95387.01203936482,1.928954823585571,4611.059005811394,0.3923357368997321
999,95398.88993935462,2.0111924155950938,4599.098868229602,0.3940598571505823
1000,95410.69952439549,2.100488479242353,4587.19998712508,0.39578641140797316
1001,95422.43788225176,2.1974705342844834,4575.3646472137625,0.3975148880566166
1002,95434.101819048,2.30283400244947,4563.595346949365,0.3992447749115772
1003,95445.6878281236,2.4173500539297494,4551.894821822285,0.4009755593700463
1004,95457.19205518291,2.541874448118493,4540.266070368781,0.40270672856323575
1005,95468.61025926244,2.6773575017120197,4528.712383235654,0.4044377695083512
1006,95479.93776897162,2.824855336108892,4517.23737569208,0.4061681692606021
1007,95491.16943338893,2.9855425776042996,4505.84502403327,0.40789741506519633
1008,95502.29956690999,3.160726708624887,4494.539706381183,0.4096249945092831
1009,95513.32188724639,3.3518642966559886,4483.326248456751,0.4113503956737875
1010,95524.22944566241,3.560579360136187,4472.209974977261,0.4130731072851078
1011,95535.01454840858,3.7886841680742833,4461.196767423157,0.4147926188666145
1012,95545.66866816433,4.038202813220786,4450.29312902227,0.41650842088991624
1013,95556.18234413334,4.3113979481525755,4439.506257918331,0.4182200049258426
1014,95566.54506924236,4.610801130588368,4428.8441296268875,0.41992686379510513
1015,95576.74516267214,4.9392472897762865,4418.315590037913,0.4216284917185839
1016,95586.76962569507,5.29991390118682,4407.930460403589,0.4233243844672011
1017,95596.6039785009,5.696365543504354,4397.699655955445,0.4250140395113348
1018,95606.23207535702,6.1326046117615265,4387.635320031064,0.42669695616972986
1019,95615.6358950627,6.61312907538106,4377.75097586175,0.42837263575786017
1020,95624.79530321367,7.142998302146132,4368.061698484012,0.43004058173569926
1021,95633.68778228293,7.727908121306811,4358.584309595601,0.43170029985485675
1022,95642.28812493761,8.374276474106965,4349.337598588115,0.43335129830503444
1023,95650.56808533752,9.08934120135506,4340.342573460941,0.43499308785976004
1024,95658.49598238614,9.881271749090407,4331.622745864596,0.4366251820213558
1025,95666.03624801451,10.759296839241713,4323.20445514607,0.4382470971650981
1026,95673.14891255609,11.733850457309615,4315.117236986419,0.43985835268252643
1027,95679.78901809537,12.816738858984364,4307.394243045467,0.44145847112385644
1028,95685.90594932601,14.021331698299043,4300.072718975524,0.44304697833946105
1029,95691.44266990844,15.362780838104758,4293.194549253297,0.4446234036203695
1030,95696.33485054671,16.85827092662906,4286.806878526507,0.446187279837749
1031,95700.50987297868,18.527306419484887,4280.962820601675,0.447738143581325
1032,95703.88569175983,20.39204040301047,4275.722267837005,0.44927553529670006
1033,95706.36953308193,22.47765134075488,4271.152815577167,0.45079899942152923
1034,95707.85640686554,24.81277472871195,4267.330818405586,0.45230808452051346
1035,95708.22740495778,27.42999761442117,4264.342597427646,0.45380234341916875
1036,95707.34775441221,30.366425016908995,4262.285820570729,0.45528133333633497
1037,95705.06459048555,33.66432848297765,4261.271081031321,0.45674461601538063
1038,95701.20440911487,37.3718883312114,4261.42370255376,0.45819175785406713
1039,95695.57015320988,41.54404256325797,4262.8858042266975,0.45962233003303593
1040,95687.93788108435,46.243456949102026,4265.818661966372,0.4610359086428766
1041,95678.05295875795,51.54163239382672,4270.405408848044,0.4624320748097396
1042,95665.62571070924,57.520167325515665,4276.854121965061,0.4638104148194571
1043,95650.32645602003,64.27219444183976,4285.40134953793,0.46517052024013794
1044,95631.77984884569,71.90401261889654,4296.316138535232,0.4665119880431922
1045,95609.55843398339,80.53693597930106,4309.904630037123,0.4678344207227589
1046,95583.17532031347,90.30938283912441,4326.515296847219,0.46913742641349404
1047,95552.07586752292,101.37922723220794,4346.5449052446875,0.47042061900669085
1048,95515.62827553436,113.92643455876177,4370.445289906693,0.47168361826469
1049,95473.11296204444,128.15600014680956,4398.731037808555,0.4729260499335539
1050,95423.71061361338,144.30120466947292,4431.988181716956,0.474147545853965
1051,95366.4888020265,162.62719152407078,4470.884006449239,0.4753477440703202
1052,95300.38706808875,183.4348596870627,4516.1780722240155,0.4765262889379858
1053,95224.20039791708,207.06504741177767,4568.734554670982,0.4776828312286818
1054,95136.56106032358,233.90295562162686,4629.535984054637,0.4788170282339676
1055,95035.91882594475,264.38272587748156,4699.698448177598,0.4799285438667926
1056,94920.5196736433,298.99204043071,4780.488285925813,0.48101704876108625
1057,94788.3832061565,338.2765498249687,4873.340244018354,0.4820822203693566
1058,94637.27915381322,382.84385373627134,4979.876992450345,0.4831237430582677
1059,94464.70355334585,433.36665984260105,5101.929786811383,0.48414130820216916
1060,94267.85545753773,490.5846211344445,5241.559921327672,0.4851346142745476
1061,94043.61537001855,555.3042029207226,5401.080427060579,0.48610336693737677
1062,93788.52701496512,628.395757869731,5583.077227164997,0.4870472791283352
1063,93498.78451385793,710.7868103149729,5790.428675826946,0.4879660711458693
1064,93170.22778868949,803.4502678038474,6026.321943506516,0.4888594707320754
1065,92798.3492358932,907.3862803039947,6294.264483802668,0.48972721315337464
1066,92378.31576724001,1023.596108206917,6598.088124552942,0.49056904127896045
1067,91905.0106747261,1153.0464411449825,6941.942884128791,0.49138470565699105
1068,91373.1001946015,1296.6226637846858,7330.27714161367,0.4921739645885075
1069,90777.129790586,1455.069925335808,7767.800284078068,0.49293658419905495
1070,90111.65472682085,1628.9215278535112,8259.423745325501,0.4936723385079843
1071,89371.40846117535,1818.4152308247849,8810.176307999729,0.49438100949541447
1072,88551.51041246,2023.3995667441648,9425.090020795695,0.49506238716683787
1073,87647.71137282767,2243.2344475792356,10109.054179592955,0.49571626961534515
1074,86656.67078447113,2476.6926645338717,10866.636550994872,0.49634246308145485
1075,85576.25484391027,2721.87154303068,11701.87361305891,0.4969407820105283
1076,84405.83829280357,2976.1263968774406,12618.035310318843,0.49751104910775434
1077,83146.58730073599,3236.0389641171905,13617.373735146688,0.49805309539068465
1078,81801.696648981,3497.433912166948,14700.86943885191,0.4985667602393073
1079,80376.5501112071,3755.4554805524294,15867.994408240324,0.49905189144364176
1080,78878.7796723562,4004.709225245604,17116.511102398046,0.49950834524884213
1081,77318.19944422707,4239.469903491364,18442.330652281413,0.49993598639779496
1082,75706.60406876521,4453.945457174599,19839.450474060028,0.5003346881711985
1083,74057.43390693607,4642.579252467365,21299.986840596397,0.5007043324251128
1084,72385.32524263856,4800.363917066208,22814.310840295057,0.5010448096259676
1085,70705.57780288623,4923.1362286142985,24371.285968499298,0.5013560188830204
1086,69033.58172004351,5007.8223789976955,25958.595900958622,0.5016378679782516
1087,67384.25102814488,5052.6079614050395,27563.141010449915,0.5018902733936919
1088,65771.50834103017,5057.016212461319,29171.47544650835,0.5021131603361688
1089,64207.85736865461,5021.889700842981,30770.25293050225,0.5023064627594714
1090,62704.067524877544,4949.282478511832,32346.649996610464,0.5024701233839197
1091,61268.980933199324,4842.279572371065,33888.73949442944,0.5026040937133387
1092,59909.43885807935,4704.767077403032,35385.79406451745,0.5027083340494283
1093,58630.31401638749,4541.178401709648,36828.5075819027,0.5027828135035274
1094,57434.62819252902,4356.240772320404,38209.13103515042,0.5028275100057662
1095,56323.73185426516,4154.7419719028685,39521.52617383179,0.5028424103116065
