time,S,I,R
0,99999,1,0
1,99998.60362377533,1.0545039145569124,0.341872310101067
2,99998.186580162,1.1119768614282763,0.7014429765662148
3,99997.74774181908,1.1725802694511192,1.0796779114609216
4,99997.28591968813,1.236484388816057,1.4775959230431552
5,99996.79985931588,1.3038688146503128,1.896271869458379
6,99996.2882382024,1.3749228637393272,2.3368389338677926
7,99995.74966248253,1.4498460462299987,2.8004914712356905
8,99995.18266233272,1.5288487191816598,3.2884889480940087
9,99994.58568807352,1.612152640098046,3.802159286387082
10,99993.95710569553,1.6999916022945474,4.34290270217236
11,99993.29519251724,1.7926120511273456,4.912195431644991
12,99992.59813236471,1.8902737676830383,5.511593867611889
13,99991.86401044314,1.9932505957903344,6.1427389610757714
14,99991.09080803092,2.1018311936121163,6.807360775482972
15,99990.27639686757,2.216319828057774,7.507283304380296
16,99989.41853323345,2.3370372122081484,8.244429554358993
17,99988.51485172792,2.4643213846940335,9.020826887408397
18,99987.56285870931,2.5985286361161255,9.838612654581611
19,99986.55992538141,2.7400344845208555,10.700040134089699
20,99985.50328051405,2.8892347015219957,11.607484784451408
21,99984.39000277847,3.0465463917034854,12.563450829859235
22,99983.21701267522,3.2124091281910667,13.570578196619664
23,99981.98106403461,3.387286147065887,14.631649818358085
24,99980.67873506753,3.5716656034827934,15.749599329016398
25,99979.30641894392,3.7660618924807365,16.9275191636301
26,99977.86031387464,3.9710170375896743,18.168669087807164
27,99976.33641267172,4.187102150463688,19.47648517784229
28,99974.73049176084,4.414918964876321,20.85458927431025
29,99973.03809961792,4.655101448604302,22.306798933502026
30,99971.25454460128,4.908317496817689,23.83713790193499
31,99969.37488215028,5.17527071055437,25.44984713918931
32,99967.39390131792,5.4567022643145435,27.149396417784686
33,99965.30611060507,5.753392866675703,28.940496528262614
34,99963.10572306214,6.066164818080553,30.828112119807138
35,99960.78664062275,6.395884169963403,32.817475207310736
36,99958.34243763276,6.743462989572734,34.91409937768943
37,99955.76634353555,7.109861734943217,37.123794729531305
38,99953.05122467414,7.496091744538024,39.45268358134786
39,99950.18956516877,7.903217846164103,41.90721698509561
40,99947.1734468263,8.332361089936041,44.49419208377729
41,99943.9945280372,8.784701610040038,47.22077035277462
42,99940.64402161428,9.261481620045432,50.09449676568731
43,99937.11267152586,9.76400854662195,53.123319927551684
44,99933.3907284732,10.293658306562836,56.31561322026328
45,99929.46792426208,10.851878731934027,59.68019700600737
46,99925.33344491814,11.440193147885521,63.226361933980805
47,99920.97590249071,12.060204108031343,66.96389340126325
48,99916.3833054914,12.713597291801204,70.90309721681443
49,99911.54302791123,13.402145568169479,75.05482652060743
50,99906.44177676046,14.127713229776433,79.43051000977195
51,99901.06555807288,14.892260401269075,84.04218152586803
52,99895.39964131644,15.697847625306858,88.90251105827204
53,99889.4285221516,16.546640629197306,94.02483721922974
54,99883.1358834787,17.44091527456852,99.42320124677896
55,99876.50455471457,18.383062691966018,105.11238259350982
56,99869.51646924026,19.37559460142601,111.10793615836397
57,99862.15261996271,20.42114881917172,117.42623121816817
58,99854.39301293368,21.522494949674602,124.08449211669311
59,99846.21661897111,22.68254026112497,131.10084076780743
60,99837.60132323076,23.90433574103197,138.49434102825657
61,99828.52387267872,25.19108232716982,146.285044994164
62,99818.95982141937,26.5461373073729,154.49404127332684
63,99808.88347383757,27.973020879743377,163.1435052827595
64,99798.2678255198,29.475422862647047,172.25675161763644
65,99787.08450192495,31.057209541413176,181.85828853372206
66,99775.30369478374,32.72243063589604,191.97387458045324
67,99762.89409621415,34.475326369972905,202.63057741596174
68,99749.8228305511,36.32033462061634,213.85683482837578
69,99736.05538390014,38.2620981203579,225.68251797960482
70,99721.55553143902,40.305471682723656,238.138996878358
71,99706.28526250634,42.45552941553711,251.2592080782345
72,99690.20470353408,44.71757188181698,265.0777245842045
73,99673.2720389013,47.09713316231299,279.63082793650614
74,99655.44342980788,49.5999877674852,294.95658242474946
75,99636.67293129355,52.23215733990842,311.0949113666511
76,99616.91240755434,54.999917080637104,328.08767536513875
77,99596.1114457408,57.90980182496578,345.9787524343404
78,99574.21726845686,60.96861168423435,364.814119859014
79,99551.17464521625,64.18341716082911,384.64193762303205
80,99526.92580315642,67.56156363329636,405.5126332103979
81,99501.41033735593,71.11067509749824,427.47898754668336
82,99474.56512115261,74.83865703799071,450.59622180950714
83,99446.32421691535,78.75369829129156,474.9220847934709
84,99416.61878778308,82.86427174944288,500.5169404675935
85,99385.37701095034,87.17913373828333,527.4438553115035
86,99352.52399314972,91.70732189017438,555.7686849602377
87,99317.98168905826,96.45815131563343,585.5601596262452
88,99281.66882343672,101.44120886250198,616.8899677009364
89,99243.50081789841,106.66634523503485,649.832836866697
90,99203.38972329776,112.1436647287805,684.4666119736038
91,99161.24415882654,117.88351232051782,720.8723288530886
92,99116.96925901058,123.89645783604449,759.1342831535221
93,99070.46662990026,130.19327690409494,799.3400931957957
94,99021.63431588678,136.7849283836154,841.580755729752
95,98970.3667786813,143.6825279405302,885.9506933783249
96,98916.55489004108,150.89731745201217,932.5477925070645
97,98860.08594008429,158.4406298765181,981.4734300393447
98,98800.84366305184,166.32384924261368,1032.8324877056878
99,98738.70828254342,174.5583653934274,1086.7333520633038
100,98673.55657833266,183.15552313225476,1143.2878985352336
101,98605.26197700434,192.12656541195366,1202.6114575838728
102,98533.6946687536,201.4825702222935,1264.8227610242616
103,98458.72175277238,211.2343808469046,1330.0438663808595
104,98380.20741372643,221.39252918526034,1398.400057088456
105,98298.0131318829,231.96715186841928,1470.0197162488464
106,98211.99792948237,242.9678989403096,1545.034171577467
107,98122.01865595624,254.40383493052647,1623.5775091133694
108,98027.9303145637,266.28333221105294,1705.786353225393
109,97929.58643295986,278.6139566090923,1791.799610431197
110,97826.83948009915,291.40234534236777,1881.7581745586235
111,97719.54133172194,304.65407745269965,1975.804590825506
112,97607.54378646136,318.37353703914727,2074.082676499629
113,97490.69913433575,332.56376973398363,2176.737095930414
114,97368.86077905324,347.2263330234352,2283.9128879234613
115,97241.88391514619,362.36114119025376,2395.754943663714
116,97109.62626046609,377.9663058461103,2512.4074336879485
117,96971.9488440054,394.0379732272846,2634.0131827674563
118,96828.71684836331,410.57015964529444,2760.7129919915346
119,96679.8005054424,427.5545867123853,2892.6449078453543
120,96525.07604314874,444.9805181968208,3029.943438654585
121,96364.42667997455,462.83460060044337,3172.7387194251473
122,96197.74366337473,481.1007097859421,3321.155626839462
123,96024.92734681396,499.75980620765125,3475.3128469785192
124,95845.88829927165,518.7898015106563,3635.3218992178336
125,95660.54843986106,538.1654394508137,3801.286120688278
126,95468.84218906489,557.8581942446069,3973.2996166906473
127,95270.71762693302,577.8361895736223,4151.446183493508
128,95066.13764745332,598.0641415345633,4335.798211012259
129,94855.08109722212,618.5033288327913,4526.415573945224
130,94637.54388553493,639.1115934563343,4723.344521008864
131,94413.54005212589,659.8433749297118,4926.616572944531
132,94183.10277803731,680.6497810254917,5136.247440937334
133,93946.28532453519,701.4786975004122,5352.2359779645385
134,93703.16188463534,722.27493901843,5574.5631763463725
135,93453.8283317011,742.9804429239111,5803.1912253751325
136,93198.40284974607,763.5345069360045,6038.0626433180705
137,92937.02643054913,783.874071154981,6279.099498296032
138,92669.86322348291,803.93404401147,6526.202732505755
139,92397.1007250826,823.6476709623248,6779.25160395521
140,92118.94979684259,842.9469438582506,7038.103259299293
141,91835.64450151802,861.7630479978386,7302.592450484255
142,91547.44175030956,880.0268429629986,7572.531406727561
143,91254.62075569571,897.6693724272797,7847.709871877133
144,90957.4822873106,914.6223972684764,8127.895315421034
145,90656.34773109635,930.818945528405,8412.833323375371
146,90351.55795493233,946.1938720738887,8702.248172993894
147,90043.47198699374,960.684420250626,8995.843592755746
148,89732.4655161452,974.2307774100528,9293.30370644488
149,89418.9292266609,986.776615949213,9594.294157390006
150,89103.26698240153,998.2696114508982,9898.463406147688
151,88785.89387819634,1008.6619296560879,10205.444192147696
152,88467.23417850786,1017.9106743467411,10514.855147145518
153,88147.71916543065,1025.9782887610986,10826.302545808365
154,87827.78491964236,1032.832903895689,11139.382176462075
155,87507.87005904247,1038.4486279511639,11453.681313006491
156,87188.41346045215,1042.805772229623,11768.780767318347
157,86869.8519898925,1045.8910099604855,12084.25700014715
158,86552.61826660883,1047.697465787116,12399.684267604207
159,86237.13848517985,1048.224734951272,12714.636779869023
160,85923.83031877052,1047.4788325293853,13028.690848700247
161,85613.10092489749,1045.4720743661453,13341.427000736523
162,85305.34507302915,1042.222892580776,13652.432034390227
163,85000.94341099639,1037.755589656638,13961.300999347128
164,84700.26088461412,1032.1000361364163,14267.639079249615
165,84403.64532217637,1025.2913178093481,14571.063360014448
166,84111.42619265987,1017.3693389757685,14871.204468364524
167,83823.91354362373,1008.3783888960653,15167.708067480371
168,83541.39712198918,998.3666788706477,15460.236199140325
169,83264.14567818695,987.3858575557,15748.46846425749
170,82992.40645161999,975.4905121029664,16032.103036277185
171,82726.40483305369,962.7376625323866,16310.857504414054
172,82466.34419744796,949.1862564200906,16584.469546132084
173,82212.40589890424,934.8966705278996,16852.697430567994
174,81964.74941786255,919.9302254595207,17115.320356678065
175,81723.51264943865,904.3487187541028,17372.13863180738
176,81488.81232081642,888.2139810786524,17622.973698105085
177,81260.74452481982,871.5874596326671,17867.66801554766
178,81039.3853564203,854.529831960089,18106.084811619752
179,80824.79163893155,837.1006525575754,18338.107708511016
180,80617.00172648446,819.3580341010886,18563.64023941458
181,80416.03636968856,801.3583643471673,18782.605265964397
182,80221.89963184262,783.1560591227576,18994.94430903474
183,80034.57984362161,764.8033512386087,19200.616805139907
184,79854.05058486068,746.3501146430406,19399.599300496404
185,79680.2716828459,727.8437226828327,19591.88459447139
186,79513.19021737458,709.3289389586159,19777.48084366692
187,79352.74152374537,690.8478389528102,19956.410637301924
188,79198.85018575721,672.4397603667165,20128.710053876173
189,79051.43101171881,654.1412799262512,20294.427708355033
190,78910.38998738026,635.9862142982971,20453.623798321536
191,78775.62520058145,618.0056426962425,20606.369156722412
192,78647.02773325826,600.227948737975,20752.744318003843
193,78524.48251724747,582.678879146118,20892.83860360649
194,78407.86915108796,565.3816169535382,21026.74923195859
195,78297.06267565703,548.3568669241864,21154.580457418866
196,78191.93430718087,531.6229510484503,21276.442741770752
197,78092.35212675687,515.1959121941024,21392.45196104909
198,77998.1817258491,499.0896239341822,21502.728650216788
199,77909.28680787476,483.31590489956375,21607.397287225762
200,77825.52974624353,467.8846360638582,21706.585617692705
201,77746.77209967123,452.8038796135424,21800.424020715323
202,77672.87508576774,438.07999814356253,21889.044916088784
203,77603.70001418193,423.71777309655363,21972.582212721594
204,77539.1086807649,409.72052150846076,22051.170797726714
205,77478.96372435635,396.0902102560039,22124.946065387732
206,77423.12894793352,382.82756714342185,22194.043484923146
207,77371.46960591337,369.93218827200735,22258.59820581471
208,77323.85265947408,357.4026412565401,22318.744699269475
209,77280.14700177153,345.236563946138,22374.616434282438
210,77240.22365493736,333.43075839890537,22426.345586663832
211,77203.9559407305,321.98127994044916,22474.062779329164
212,77171.21962668191,310.88352120613433,22517.89685211207
213,77141.89304953048,300.1322911285342,22557.97465934111
214,77115.85721769233,289.7218888845419,22594.420893423245
215,77092.99589444467,279.64617286176394,22627.3579326937
216,77073.19566343531,269.89862474168285,22656.905711823132
217,77056.34597805626,260.4724088283288,22683.181613115536
218,77042.33919614158,251.36042677646117,22706.30037708209
219,77031.07060137167,242.55536789314775,22726.374030735307
220,77022.43841268585,234.04975520172695,22743.511832112545
221,77016.34378292503,225.8359874680989,22757.820229607005
222,77012.69078784769,217.90637739650614,22769.40283475592
223,77011.38640658537,210.25318620576542,22778.360407208973
224,77012.3404945274,202.868654798637,22784.790850674075
225,77015.46574955157,195.74503173594042,22788.7892187126
226,77020.67767244895,188.87459822382382,22790.44772932734
227,77027.89452232272,182.24969031832478,22789.855787359076
228,77037.03726767687,175.86271854560795,22787.100013777643
229,77048.02953385041,169.7061851293994,22782.264281020325
230,77060.79754739512,163.7726990095821,22775.42975359543
231,77075.27007794158,158.05498882778312,22766.67493323077
232,77091.37837804676,152.54591404724914,22756.075707906108
233,77109.0561214702,147.2384743655424,22743.70540416439
234,77128.2393402806,142.1258175697072,22729.6348421498
235,77148.8663611551,137.20124597468254,22713.93239287033
236,77170.8777411938,132.45822157694914,22696.664037229366
237,77194.21620353867,127.8903700467793,22677.893426414677
238,77218.82657305233,123.49148367406272,22657.68194327374
239,77244.65571228313,119.25552337455882,22636.08876434244
240,77271.65245791522,115.17661985561207,22613.170922229296
241,77299.76755787732,111.24907403288762,22588.983368089917
242,77328.95360926127,107.46735678255797,22563.579033956295
243,77359.16499718017,103.82610810661086,22537.008894713337
244,77390.35783467736,100.32013578255707,22509.32202954021
245,77422.48990377995,96.94441356279617,22480.565682657372
246,77455.52059777547,93.69407898324572,22450.7853232414
247,77489.41086477558,90.56443083554736,22420.02470438898
248,77524.12315261894,87.55092635222223,22388.325921028958
249,77559.62135515302,84.6491781495487,22355.729466697532
250,77595.87075992573,81.85495096866153,22322.274289105706
251,77632.83799730722,79.16415825141311,22287.997844441477
252,77670.49099105554,76.5728585838765,22252.936150360692
253,77708.79891033193,74.07725203699256,22217.12383763119
254,77747.7321231653,71.67367643075468,22180.59420040406
255,77787.26215136025,69.35860354546803,22143.3792450944
256,77827.36162683784,67.12863530100095,22105.509737861266
257,77868.00424939442,64.98049992254924,22067.015250683147
258,77909.16474585977,62.91104810924454,22027.9242060311
259,77950.8188306334,60.91724921994242,21988.26392014676
260,77992.94316757449,58.996187488709715,21948.060644936915
261,78035.51533321907,57.14505828088164,21907.339608500144
262,78078.51378129664,55.361164399064656,21866.125054304383
263,78121.91780851588,53.64191244710929,21824.440279037095
264,78165.70752158905,51.98480925885719,21782.307669152175
265,78209.8638054631,50.38745839736753,21739.748736139616
266,78254.36829272495,48.847556729340575,21696.78415054579
267,78299.20333414809,47.362891078570804,21653.433774773424
268,78344.35197034718,45.93133496147029,21609.716694691415
269,78389.79790450758,44.55084540699679,21565.651250085506
270,78435.52547615604,43.219459862693114,21521.25506398136
271,78481.51963594007,41.93529318798731,21476.54507087203
272,78527.76592138273,40.696534735411426,21431.53754388195
273,78574.25043358046,39.50144551996322,21386.248120899676
274,78620.9598148121,38.348355476455694,21340.691829711544
275,78667.88122702752,37.235660804367875,21294.88311216821
276,78715.00233118502,36.161821399421385,21248.835847415645
277,78762.31126740722,35.125358370862195,21202.563374222016
278,78809.79663592583,34.124851643216545,21156.078512431057
279,78857.44747878691,33.15893764110142,21109.393583572088
280,78905.25326228775,32.22630705551823,21062.520430656838
281,78953.20386011811,31.325702689937327,21015.470437192056
282,79001.28953717982,30.455917384387817,20968.254545435888
283,79049.50093405852,29.61579201567524,20920.88327392589
284,79097.82905212221,28.80421357175676,20873.36673430612
285,79146.2652392223,28.020113298283377,20825.714647479504
286,79194.80117597478,27.26246491536201,20777.93635910995
287,79243.4288625973,26.530282902394916,20730.040854500377
288,79292.1406062811,25.822620848988816,20682.036772869986
289,79340.92900907571,25.138569869845508,20633.932421054524
290,79389.78695626688,24.477257081622767,20585.735786651592
291,79438.70760522739,23.83784413971553,20537.45455063298
292,79487.68437472197,23.219525832947028,20489.096099445185
293,79536.71093464758,22.621528734187745,20440.667536618334
294,79585.78119619186,22.043109904950953,20392.175693903293
295,79634.88930239233,21.483555652049485,20343.627141955716
296,79684.02961908019,20.942180334437328,20295.02820058548
297,79733.19672619275,20.418325218401392,20246.38494858895
298,79782.3854094397,19.911357379312687,20197.70323318109
299,79831.59065230824,19.420668648191555,20148.988679043672
300,79880.80762839339,18.945674601388458,20100.246697005317
301,79930.03169403996,18.48581359172943,20051.482492368403
302,79979.25838128319,18.040545819523587,20002.701072897395
303,80028.48339107577,17.609352441878553,19953.907256482442
304,80077.70258678951,17.19173471881844,19905.105678491764
305,80126.91198797981,16.787213194747217,19856.30079882554
306,80176.10776440249,16.39532691384868,19807.496908683755
307,80225.28623027224,16.015632668061677,19758.698137059804
308,80274.44383875254,15.647704276316349,19709.908456971232
309,80323.57717666778,15.291131893763279,19661.13169143856
310,80372.68295942772,14.945521349772992,19612.371519222594
311,80421.75802615625,14.610493513527622,19563.631480330318
312,80470.79933501505,14.285683686070083,19514.914981298993
313,80519.80395871474,13.97074101771861,19466.22530026765
314,80568.76908020543,13.665327949795824,19417.565591844883
315,80617.69198853908,13.369119679661745,19368.93889178137
316,80666.57007489672,13.081803648079418,19320.348121455314
317,80715.40082877362,12.803079047979631,19271.79609217851
318,80764.1818343158,12.532656353728127,19223.28550933058
319,80812.91076680158,12.270256870034366,19174.818976328497
320,80861.58538926223,12.015612299675352,19126.398998438217
321,80910.20354923584,11.768464329241421,19078.027986435038
322,80958.76317564903,11.528564232143088,19029.708260118932
323,81007.26227582108,11.295672488149176,18981.442051690887
324,81055.69893258536,11.069558418756376,18933.23150899601
325,81104.07130152348,10.84999983771938,18885.07869863893
326,81152.37760830724,10.636782716098478,18836.98560897678
327,81200.61614614408,10.429700861208362,18788.95415299483
328,81248.78527332164,10.228555608877711,18740.986171069595
329,81296.88341084756,10.033155528453829,18693.08343362411
330,81344.90904018037,9.843316140010565,18645.24764367976
331,81392.86070104792,9.65885964324057,18597.48043930897
332,81440.73698934977,9.479614657534984,18549.78339599282
333,81488.53655513987,9.305415972774817,18502.15802888747
334,81536.2581006866,9.136104310378446,18454.605795003146
335,81583.90037860665,8.971526094169258,18407.128095299304
336,81631.46219007016,8.81153323064601,18359.726276699315
337,81678.94238307382,8.655982898256436,18312.40163402804
338,81726.33985077945,8.504737345291753,18265.1554118754
339,81773.65352991516,8.357663696036209,18217.988806388938
340,81820.882399237,8.214633764821516,18170.902966998296
341,81868.02547804815,8.075523877651124,18123.898998074328
342,81915.08182477353,7.9402147010737805,18076.977960525528
343,81962.05053558786,7.808591077999621,18030.140873334272
344,82008.93074309462,7.680541870165312,17983.38871503534
345,82055.72161505415,7.555959806967474,17936.72242513901
346,82102.42235315878,7.434741340395715,17890.14290550095
347,82149.03219185324,7.316786505808299,17843.651021641082
348,82195.55039719843,7.2019987883045244,17797.24760401341
349,82241.97626577692,7.090284994458593,17750.933449228778
350,82288.30912363846,6.981555129189907,17704.709321232494
351,82334.54832528406,6.875722277554466,17658.57595243851
352,82380.69325268686,6.772702491251394,17612.53404482201
353,82426.74331434857,6.672414679647499,17566.584270971904
354,82472.69794439002,6.574780505131318,17520.727275104968
355,82518.55660167446,6.479724282616251,17474.963674043036
356,82564.31876896236,6.387172883020186,17429.29405815473
357,82609.98395209642,6.297055640556465,17383.718992263137
358,82655.5516792157,6.209304263678189,17338.23901652074
359,82701.02149999769,6.123852749524665,17292.85464725291
360,82746.39298492722,6.040637301725318,17247.566377771167
361,82791.6657245913,5.959596251422638,17202.37467915741
362,82836.83932899855,5.880669981381673,17157.280001020183
363,82881.9134269229,5.803800853059294,17112.28277222418
364,82926.88766526974,5.728933136511898,17067.383401593885
365,82971.76170846465,5.656012943025426,17022.58227859246
366,83016.53523786303,5.584988160356556,16977.879773976747
367,83061.2079511803,5.515808390478689,16933.276240429357
368,83105.77956194169,5.4484248897309095,16888.772013168735
369,83150.2497989509,5.3827905112724315,16844.367410537983
370,83194.61840577712,5.31885964974923,16800.0627345733
371,83238.88514025927,5.256588188083539,16755.858271552817
372,83283.04977402734,5.1959334463006615,16711.75429252653
373,83327.11209203975,5.136854132311229,16667.751053828113
374,83371.07189213639,5.0793102945705,16623.84879756922
375,83414.92898460662,5.023263276539603,16580.047752117025
376,83458.68319177175,4.968675672876858,16536.34813255555
377,83502.33434758145,4.915511287290287,16492.750141131433
378,83545.88229722345,4.863735091985398,16449.253967684737
379,83589.32689674622,4.813313188645065,16405.859790065304
380,83632.66801269402,4.7642127708810245,16362.567774535255
381,83675.90552175393,4.716402088099019,16319.378076158117
382,83719.03931041436,4.669850410722093,16276.290839175077
383,83762.06927463457,4.62452799671884,16233.306197368862
384,83804.99531952509,4.580406059385663,16190.424274415682
385,83847.81735903812,4.537456736334216,16147.645184225688
386,83890.53531566811,4.49565305963726,16104.969031272385
387,83933.14912016166,4.454968927088089,16062.395910911368
388,83975.65871123677,4.415379074530585,16019.925909688814
389,84018.06403531079,4.37685904921873,15977.559105640092
390,84060.3650462371,4.339385184166111,15935.295568578844
391,84102.56170504975,4.302934573447604,15893.135360376906
392,84144.6539797163,4.26748504841699,15851.078535235385
393,84186.64184489804,4.233015154805753,15809.125139947246
394,84228.52528171775,4.199504130669743,15767.27521415167
395,84270.3042775344,4.166931885151777,15725.528790580542
396,84311.97882572477,4.1352789780295085,15683.885895297291
397,84353.54892547164,4.10452660001927,15642.346547928442
398,84395.01458155824,4.074656553808018,15600.91076188805
399,84436.37580416896,4.045651235785807,15559.578544595362
400,84477.63260869576,4.01749361845305,15518.349897685894
401,84518.78501555043,3.9901672334782057,15477.224817216194
402,84559.83304998222,3.9636561553817535,15436.203293862507
403,84600.77674190073,3.937944985823643,15395.285313113563
404,84641.61612570395,3.9130188384723734,15354.470855457705
405,84682.35124011111,3.8888633244346957,15313.759896564572
406,84722.98212800038,3.8654645382258153,15273.15240746151
407,84763.50883625093,3.842809044260779,15232.648354704928
408,84803.9314155895,3.8208838638485214,15192.247700546774
409,84844.24992044116,3.79967646267082,15151.950403096296
410,84884.46440878412,3.779174738729105,15111.756416477285
411,84924.57494200845,3.7593670107427912,15071.665690980937
412,84964.58158477863,3.7402420069834603,15031.678173214523
413,85004.48440489962,3.7217888545298505,14991.793806245994
414,85044.28347318652,3.7039970689292443,14952.012529744685
415,85083.97886333763,3.6868565442514263,14912.334280118255
416,85123.57065181059,3.670357543521945,14872.758990646023
417,85163.05891770181,3.654490689521964,14833.286591608785
418,85202.44374262886,3.639246955942512,14793.917010415305
419,85241.7252106157,3.624617658881427,14754.650171725543
420,85280.90340798067,3.6105944486717974,14715.485997570791
421,85319.97842322728,3.5971693020311437,14676.424407470824
422,85358.95034693749,3.5843345145210326,14637.46531854812
423,85397.81927166745,3.572082693307261,14598.608645639371
424,85436.58529184565,3.560406750211131,14559.854301404286
425,85475.24850367327,3.5492998950427563,14521.20219643184
426,85513.80900502688,3.538755629207704,14482.652239344065
427,85552.26689536311,3.5287677395786496,14444.204336897468
428,85590.62227562534,3.519330292624079,14405.85839408218
429,85628.87524815244,3.5104376287863914,14367.614314218908
430,85667.02591658923,3.502084357102112,14329.471999053807
431,85705.07438579874,3.494265350057207,14291.43134885133
432,85743.0207617763,3.486975738670822,14253.49226248516
433,85780.86515156504,3.4802109078010353,14215.654637527274
434,85818.60766317318,3.4739664916665167,14177.918370335263
435,85856.24840549259,3.4682383695782373,14140.283356137936
436,85893.78748821892,3.4630226618756534,14102.749489119322
437,85931.22502177296,3.4583157260620205,14065.316662501096
438,85968.56111722343,3.4541141531337596,14027.984768623559
439,86005.79588621085,3.450414764099011,13990.753699025176
440,86042.92944087267,3.447214606680756,13953.62334452079
441,86079.96189376939,3.4445109522000905,13916.593595278542
442,86116.89335781193,3.4423012926354666,13879.664340895577
443,86153.72394618971,3.440583337853901,13842.835470472593
444,86190.45377229985,3.4393550130103616,13806.106872687295
445,86227.08294967725,3.4386144561117398,13769.478435866793
446,86263.61159192536,3.4383600157419894,13732.950048059052
447,86300.03981264782,3.4385902489452005,13696.521597103381
448,86336.36772538083,3.4393039192635575,13660.192970700067
449,86372.59544352605,3.44049999492729,13623.964056479188
450,86408.7230802843,3.4421776471938994,13587.834742068668
451,86444.75074858974,3.4443362488340967,13551.804915161596
452,86480.6785610445,3.4469753727620542,13515.87446358291
453,86516.50662985392,3.450094790807711,13480.04327535544
454,86552.23506676214,3.4536944726290324,13444.311238765402
455,86587.86398298806,3.457774584762266,13408.678242427359
456,86623.39348916164,3.462335489808369,13373.144175348734
457,86658.82369526055,3.4673777457539265,13337.708926993872
458,86694.15471054701,3.472902105425014,13302.37238734774
459,86729.38664350481,3.4789095160725836,13267.13444697929
460,86764.51960177657,3.4854011190880883,13231.994997104519
461,86799.55369210102,3.4923782498481746,13196.953929649308
462,86834.48902025045,3.499842437687408,13162.011137312034
463,86869.32569096812,3.507795405998108,13127.166513626042
464,86904.06380790572,3.5162390724564854,13092.419953021983
465,86938.70347356069,3.525175549374406,13057.771350890096
466,86973.24478921352,3.5346071441761966,13023.220603642445
467,87007.68785486497,3.5445363600000466,12988.767608775164
468,87042.03276917296,3.5549658964236395,12954.412264930761
469,87076.2796293893,3.5658986503137933,12920.154471960515
470,87110.42853129635,3.5773377167999665,12885.994130986992
471,87144.47956914302,3.5892863903716044,12851.931144466742
472,87178.43283558082,3.601748166099414,12817.965416253222
473,87212.2884215992,3.6147267409807475,12784.096851659957
474,87246.04641646073,3.628226015409383,12750.325357524
475,87279.70690763563,3.642250094770088,12716.650842269735
476,87313.26998073592,3.6568032911584796,12683.07321597306
477,87346.73571944895,3.671890125226746,12649.592390425973
478,87380.10420547036,3.687515328155949,12616.208279201626
479,87413.3755184365,3.7036838437556936,12582.920797719884
480,87446.54973585602,3.720400830692061,12549.729863313418
481,87479.62693304091,3.737671664844804,12516.635395294372
482,87512.60718303667,3.7555019417948956,12483.637315021671
483,87545.4905565517,3.773897479443635,12450.73554596899
484,87578.27712188594,3.7928643207645956,12417.930013793422
485,87610.96694485853,3.8124087366898234,12385.220646404907
486,87643.56008873455,3.83253722913177,12352.607374036445
487,87676.05661415085,3.8532565341425618,12320.090129315151
488,87708.45657904072,3.8745736252123044,12287.668847334196
489,87740.76003855777,3.896495716708218,12255.343465725662
490,87772.96704499831,3.9190302674565016,12223.113924734367
491,87805.07764772295,3.9421849844689394,12190.980167292711
492,87837.09189307672,3.9659678268163403,12158.942139096587
493,87869.0098243081,3.990387009651038,12126.999788682378
494,87900.83148148663,4.015451008380749,12095.153067505122
495,87932.55690141926,4.041168562996229,12063.401930017882
496,87964.18611756524,4.0675486825552305,12031.746333752359
497,87995.71915994954,4.094600649825427,12000.186239400795
498,88027.15605507483,4.122334026089023,11968.721610899245
499,88058.49682583183,4.150758656111912,11937.352415512229
500,88089.74149140804,4.179884673280357,11906.07862391884
501,88120.8900671949,4.209722504908261,11874.900210300362
502,88151.94256469302,4.240282877718218,11843.817152429432
503,88182.89899141586,4.271576823499663,11812.829431760822
504,88213.75935079136,4.303615684947539,11781.937033523873
505,88244.52364206182,4.336411121685023,11751.13994681667
506,88275.19186018172,4.369975116473971,11720.438164701984
507,88305.76399571354,4.4043199816168785,11689.831684305042
508,88336.24003472143,4.4394583655542474,11659.320506913204
509,88366.61995866294,4.475403259661407,11628.904638077598
510,88396.90374427816,4.512168005248936,11598.584087716772
511,88427.09136347698,4.549766300770987,11568.358870222422
512,88457.18278322367,4.588212209245915,11538.229004567256
513,88487.17796541918,4.627520165893773,11508.194514415107
514,88517.0768667809,4.6677049859953685,11478.255428233273
515,88546.87943871996,4.70878187297767,11448.41177940724
516,88576.58562721561,4.75076642673056,11418.663606357817
517,88606.19537268727,4.793674652160016,11389.010952660728
518,88635.70860986337,4.837522967982953,11359.45386716881
519,88665.12526764759,4.882328215769143,11329.992404136812
520,88694.44526898203,4.9281076692357155,11300.626623348906
521,88723.66853070736,4.974879043799931,11271.35659024901
522,88752.79496341983,5.022660506396072,11242.182376073952
523,88781.82447132502,5.071470685562416,11213.104057989596
524,88810.75695208838,5.121328681804448,11184.12171922999
525,88839.59229668228,5.17225407824059,11155.235449239646
526,88868.33038922964,5.224266951536939,11126.445343819
527,88896.97110684386,5.2773878831375844,11097.751505273183
528,88925.51431946522,5.331637970797318,11069.154042564165
529,88953.95988969339,5.387038840423675,11040.653071466368
530,88982.3076726161,5.443612658235409,11012.248714725854
531,89010.55751563377,5.501382143244695,10983.941102223185
532,89038.70925828011,5.5603705800705034,10955.73037114003
533,89066.76273203846,5.620601832090774,10927.616666129648
534,89094.71776015392,5.682100354941183,10899.600139491353
535,89122.5741574408,5.744891210368496,10871.680951349024
536,89150.33173008593,5.809000080446628,10843.85926983382
537,89177.99027544685,5.874453282163771,10816.135271271187
538,89205.54958184554,5.941277782389086,10788.509140372267
539,89233.00942835712,6.0095012132276455,10760.981070429829
540,89260.36958459356,6.079151887772519,10733.551263518846
541,89287.62981048209,6.150258816263039,10706.219930701833
542,89314.78985603845,6.222851722658502,10678.987292239066
543,89341.84946113473,6.296961061636717,10651.853577803813
544,89368.80835526144,6.37261803602702,10624.819026702722
545,89395.66625728404,6.449854614687539,10597.883888101465
546,89422.42287519356,6.528703550836699,10571.048421255791
547,89449.0779058512,6.6091984008491,10544.312895748144
548,89475.63103472671,6.691373543526143,10517.677591729944
549,89502.0819356306,6.775264199851898,10491.142800169731
550,89528.43027043968,6.860906453244936,10464.708823107254
551,89554.67568881615,6.948337270316993,10438.375973913713
552,89580.81782791973,7.037594522149527,10412.144577558289
553,89606.85631211298,7.128717006099385,10386.01497088109
554,89632.7907526593,7.2217444681449985,10359.98750287273
555,89658.62074741375,7.316717625784646,10334.062534960638
556,89684.34588050634,7.4136781914985095,10308.240441302341
557,89709.96572201759,7.512668896786414,10282.521609085816
558,89735.47982764627,7.613733516793271,10256.906438837126
559,89760.88773836911,7.716916895534399,10231.395344735529
560,89786.18898009225,7.822264971733026,10205.988754936201
561,89811.3830632941,7.9298248052824265,10180.687111900796
562,89836.46948265983,8.039644604345241,10155.490872736009
563,89861.44771670672,8.151773753102656,10130.400509540339
564,89886.31722740075,8.26626284016621,10105.416509759261
565,89911.07745976353,8.383163687665098,10080.539376548984
566,89935.72784147014,8.502529381021915,10055.769629149016
567,89960.26778243702,8.62441429942982,10031.10780326373
568,89984.69667439997,8.748874147044205,10006.554451453178
569,90009.01389048199,8.875965984901939,9982.110143533297
570,90033.21878475082,9.00574826358129,9957.775466985791
571,90057.31069176567,9.138280856615625,9933.551027377911
572,90081.28892611324,9.273625094673964,9909.437448792281
573,90105.15278193257,9.411843800521426,9885.435374267108
574,90128.90153242848,9.553001324772541,9861.54546624693
575,90152.53442937357,9.697163582450257,9837.768407044165
576,90176.05070259809,9.84439809036345,9814.104899311722
577,90199.44955946798,9.994774005315486,9790.555666526883
578,90222.73018435031,10.14836216315631,9767.121453486721
579,90245.89173806619,10.305235118690197,9743.803026815302
580,90268.93335733078,10.465467186451193,9720.601175482945
581,90291.85415418007,10.629134482357859,9697.51671133776
582,90314.65321538417,10.796314966258695,9674.55046964976
583,90337.32960184703,10.967088485379179,9651.703309667782
584,90359.882347992,11.14153681868097,9628.97611518952
585,90382.31046113317,11.319743722143384,9606.369795144888
586,90404.61292083218,11.501794974976644,9583.885284193051
587,90426.7886782401,11.687778426775925,9561.523543333326
588,90448.8366554243,11.877784045624498,9539.285560530296
589,90470.7557446797,12.071903967153633,9517.17235135337
590,90492.54480782457,12.270232544566094,9495.184959631077
591,90514.20267548018,12.472866399629293,9473.324458120402
592,90535.72814633414,12.67990447464316,9451.591949191421
593,90557.1199863873,12.891448085386886,9429.988565527512
594,90578.3769281837,13.107600975047504,9408.5154708414575
595,90599.4976700234,13.328469369132224,9387.173860607683
596,90620.4808751579,13.554162031365038,9365.964962810956
597,90641.32517096787,13.78479032056686,9344.890038711792
598,90662.02914812285,14.020468248516883,9323.950383628868
599,90682.59135972272,14.26131253879133,9303.147327738725
600,90703.01032042064,14.507442686573992,9282.482236893016
601,90723.28450552718,14.758981019431175,9261.956513453611
602,90743.4123500954,15.016052759041655,9241.571597145781
603,90763.39224798659,15.278786083870173,9221.328965929773
604,90783.22255091646,15.547312192770692,9201.230136891012
605,90802.90156748153,15.8217653695033,9181.27666714919
606,90822.42756216558,16.10228304814599,9161.470154786497
607,90841.79875432562,16.389005879379855,9141.812239795223
608,90861.0133171576,16.682077797623286,9122.304605045003
609,90880.0693766414,16.98164608898761,9102.94897726985
610,90898.9650104649,17.287861460023407,9083.747128075296
611,90917.69824692726,17.60087810722302,9064.700874965753
612,90936.26706382066,17.920853787241267,9045.812082392327
613,90954.66938729117,18.247949887792124,9027.082662821265
614,90972.90309067788,18.582331499175215,9008.514577823173
615,90990.96599333068,18.92416748638122,8990.109839183158
616,91008.85585940645,19.2736305617208,8971.870510032044
617,91026.57039664358,19.630897357916414,8953.798705998723
618,91044.10725511485,19.996148501591342,8935.89659638377
619,91061.46402595876,20.369568687084097,8918.166405354377
620,91078.63824008903,20.75134675051302,8900.610413160679
621,91095.62736688294,21.141675744004196,8883.230957373282
622,91112.42881284823,21.54075300999058,8866.030434142014
623,91129.03992026829,21.94878025549702,8849.011299476439
624,91145.45796582662,22.365963626295027,8832.17607054732
625,91161.6801592103,22.79251378081785,8815.527327009097
626,91177.70364169317,23.228645963718108,8799.067712343349
627,91193.5254846983,23.674580078938515,8782.79993522299
628,91209.1426883411,24.1305407621583,8766.726770896972
629,91224.55217995259,24.596757452468555,8750.851062595166
630,91239.75081258398,25.073464463119997,8735.175722953132
631,91254.73536349271,25.56090105117642,8719.703735456354
632,91269.50253261084,26.059311485896245,8704.438155903497
633,91284.04894099639,26.56894511565348,8689.382113888196
634,91298.37112926826,27.090056433197585,8674.53881429879
635,91312.46555602584,27.622905139039457,8659.911538835373
636,91326.32859625405,28.16775620273803,8645.50364754345
637,91339.95653971499,28.724879921848483,8631.318580363413
638,91353.34558932699,29.29455197827929,8617.359858694987
639,91366.49185953279,29.877053491790733,8603.631086975663
640,91379.39137465777,30.472671070352494,8590.135954272137
641,91392.04006725963,31.08169685706225,8576.878235883569
642,91404.4337764715,31.704428573310963,8563.861794955474
643,91416.56824633955,32.34116955786355,8551.090584102876
644,91428.43912415746,32.99222880150644,8538.56864704133
645,91440.0419587992,33.65792097689497,8526.3001202242
646,91451.37219905252,34.3385664632154,8514.289234484551
647,91462.4251919552,35.03449136525651,8502.540316679842
648,91473.19618113589,35.74602752646795,8491.057791337933
649,91483.68030516182,36.473512535491125,8479.846182302983
650,91493.87259588535,37.21728972590269,8468.91011438905
651,91503.76797685122,37.97770816848088,8458.254314980592
652,91513.36126167969,38.75512265545708,8447.88361566514
653,91522.64715244631,39.5498936764997,8437.80295387747
654,91531.62023812649,40.36238738551784,8428.017374488278
655,91540.27499305512,41.192975557915574,8418.53203138725
656,91548.6057754151,42.04203553765312,8409.352189047542
657,91556.60682576027,42.90995017347927,8400.48322406655
658,91564.27226557725,43.79710774368084,8391.930626679365
659,91571.5960958906,44.7039018686701,8383.700002241025
660,91578.57219591612,45.630731410704854,8375.797072673484
661,91585.19432176728,46.57800036001083,8368.227677873001
662,91591.45610522034,47.54611770655008,8360.997777073417
663,91597.35105254316,48.53549729665314,8354.113450160488
664,91602.87254339429,49.54655767370731,8347.580898932301
665,91608.01382979783,50.57972190206785,8341.406448300413
666,91612.76803520079,51.635417373333794,8335.596547426187
667,91617.12815361973,52.71407559410538,8330.157770786476
668,91621.08704888365,53.81613195438671,8325.096819162269
669,91624.63745398611,54.94202547853009,8320.420520535668
670,91627.77197053345,56.09219854913301,8316.135830917734
671,91630.48306830483,57.2670966017513,8312.24983509372
672,91632.76308499032,58.467167820010964,8308.769747189976
673,91634.60422602383,59.69286279085589,8305.702911185614
674,91635.99856455848,60.944634131648925,8303.05680131017
675,91636.93804160837,62.22293609671926,8300.839022295204
676,91637.4144663537,63.52822415510521,8299.0573094915
677,91637.41951662263,64.86095453918041,8297.719528838501
678,91636.94473954976,66.2215837650241,8296.833676685535
679,91635.98155243277,67.61056812159813,8296.407879445956
680,91634.52124379759,69.0283631278321,8296.450393074903
681,91632.5549746799,70.47542295709387,8296.969602363331
682,91630.07378013496,71.95219982793667,8297.974020037442
683,91627.06857098882,73.45914335986743,8299.472285651638
684,91623.53013584325,74.9966998931483,8301.47316426394
685,91619.44914334583,76.56531177166173,8303.985544882838
686,91614.81614473936,78.16541658779562,8307.018438673174
687,91609.62157670273,79.7974463884194,8310.58097690917
688,91603.85576449728,81.46182684101889,8314.68240866203
689,91597.50892543155,83.15897635914337,8319.332098209627
690,91590.5711726587,84.88930518634429,8324.53952215526
691,91583.0325193201,86.6532144378578,8330.314266242345
692,91574.88288304929,88.45109509935607,8336.666021851666
693,91566.11209085042,90.28332698217369,8343.604582167709
694,91556.70988436542,92.15027763450539,8351.139838000368
695,91546.66592554384,94.05230120817325,8359.281773248276
696,91535.96980272977,95.98973728067251,8368.040459989848
697,91524.61103717977,97.96290963232799,8377.426053188205
698,91512.57909002576,99.97212497852816,8387.44878499601
699,91499.86336969672,102.01767165714762,8398.11895864643
700,91486.45323981244,104.09981827142754,8409.44694191643
701,91472.33802756255,106.21881228876175,8421.443160148989
702,91457.50703258374,108.37487859600976,8434.118088820545
703,91441.94953634743,110.56821801216252,8447.482245640726
704,91425.65481206919,112.79900575939682,8461.546182171722
705,91408.61213515165,115.06738989377874,8476.320474954886
706,91390.81079417054,117.37348969711623,8491.815716132674
707,91372.2401024139,119.71739403171367,8508.04250355473
708,91352.88940998283,122.09915966004806,8525.011430357446
709,91332.74811646149,124.51880953166763,8542.733074007183
710,91311.80568416232,126.97633103990684,8561.217984798108
711,91290.05165195244,129.4716742513198,8580.476673796573
712,91267.47564966427,132.00475011105326,8600.519600225003
713,91244.06741309323,134.57542862771143,8621.357158279385
714,91219.816799583,137.18353704160867,8642.999663375731
715,91194.71380419744,139.82885798065743,8665.457337822245
716,91168.74857647646,142.51112760850143,8688.740295915391
717,91141.91143777076,145.23003376987324,8712.858528459716
718,91114.19289914891,147.98521413853047,8737.821886712909
719,91085.58367986756,150.77625437355198,8763.64006575925
720,91056.07472639516,153.60268629004418,8790.322587315155
721,91025.65723196874,156.46398605061168,8817.878781981
722,90994.32265666898,159.35957238476595,8846.317770946602
723,90962.06274800973,162.28880484352658,8875.648447147105
724,90928.86956200065,165.25098209662926,8905.87945590309
725,90894.73548466279,168.2453402803901,8937.019175057196
726,90859.65325397272,171.2710514046238,8969.075694623027
727,90823.6159822027,174.32722182725956,9002.056795970415
728,90786.61717862239,177.41289080563405,9035.969930572355
729,90748.65077252474,180.52702913372795,9070.822198341917
730,90709.7111365351,183.66853787487523,9106.6203255904
